path,owner,status,reason
.dockerignore,root-review,ported / adapted,Independent development behavior or documentation ported; main-specific reliability and deployment settings preserved.
.env.example,root-review,ported / adapted,Independent development behavior or documentation ported; main-specific reliability and deployment settings preserved.
.gitattributes,root-review,ported / adapted,Independent development behavior or documentation ported; main-specific reliability and deployment settings preserved.
.github/workflows/test-backend-frontend.yml,root-review,ported / adapted,Independent development behavior or documentation ported; main-specific reliability and deployment settings preserved.
.github/workflows/user-docs.yml,root-review,ported / adapted,Independent development behavior or documentation ported; main-specific reliability and deployment settings preserved.
.gitignore,root-review,ported / adapted,Independent development behavior or documentation ported; main-specific reliability and deployment settings preserved.
.release-please-manifest.json,root-review,ported / adapted,Independent development behavior or documentation ported; main-specific reliability and deployment settings preserved.
CHANGELOG.md,root-review,ported / adapted,Independent development behavior or documentation ported; main-specific reliability and deployment settings preserved.
README.md,root-review,ported / adapted,Independent development behavior or documentation ported; main-specific reliability and deployment settings preserved.
aquillm/apps/bug_reports/capture.py,root-review,ported / adapted,Independent development behavior or documentation ported; main-specific reliability and deployment settings preserved.
aquillm/apps/bug_reports/middleware.py,root-review,ported / adapted,Independent development behavior or documentation ported; main-specific reliability and deployment settings preserved.
aquillm/apps/bug_reports/tasks.py,root-review,ported / adapted,Independent development behavior or documentation ported; main-specific reliability and deployment settings preserved.
aquillm/apps/chat/consumers/chat.py,chat,ported,Development implementation/test imported; no graph dependency.
aquillm/apps/chat/consumers/chat_delta.py,chat,ported,Development implementation/test imported; no graph dependency.
aquillm/apps/chat/consumers/chat_publish.py,chat,ported,Development implementation/test imported; no graph dependency.
aquillm/apps/chat/consumers/chat_receive.py,chat,mixed/adapted,Memory tool routing and structured logs ported; payload preview replaced with character count.
aquillm/apps/chat/consumers/utils.py,chat,ported,Development implementation/test imported; no graph dependency.
aquillm/apps/chat/management/__init__.py,chat,ported,Development implementation/test imported; no graph dependency.
aquillm/apps/chat/management/commands/__init__.py,chat,ported,Development implementation/test imported; no graph dependency.
aquillm/apps/chat/management/commands/index_conversations.py,chat,ported,Development implementation/test imported; no graph dependency.
aquillm/apps/chat/migrations/0005_conversationchunk_and_more.py,chat,ported,Development implementation/test imported; no graph dependency.
aquillm/apps/chat/migrations/0006_wsconversation_index_complete_db_default.py,chat,ported,Development implementation/test imported; no graph dependency.
aquillm/apps/chat/models/__init__.py,chat,ported,Development implementation/test imported; no graph dependency.
aquillm/apps/chat/models/chunk.py,chat,ported,Development implementation/test imported; no graph dependency.
aquillm/apps/chat/models/conversation.py,chat,ported,Development implementation/test imported; no graph dependency.
aquillm/apps/chat/services/collection_prompt_skills.py,chat,ported,Development implementation/test imported; no graph dependency.
aquillm/apps/chat/services/conversation_indexing.py,chat,ported,Development implementation/test imported; no graph dependency.
aquillm/apps/chat/services/conversation_search.py,chat,ported,Development implementation/test imported; no graph dependency.
aquillm/apps/chat/services/rag_evidence_handoff.py,chat,ported,Development implementation/test imported; no graph dependency.
aquillm/apps/chat/services/rag_metrics.py,chat,graph-only excluded,All source changes are graph metrics.
aquillm/apps/chat/services/rag_pipeline.py,chat,mixed/adapted,Graph metric forwarding excluded; production retrieval preserved; added forced history-tool bypass so selected collections cannot preempt memory recall.
aquillm/apps/chat/services/rag_query.py,chat,ported,Development implementation/test imported; no graph dependency.
aquillm/apps/chat/services/retrieval_authorization.py,chat,graph-only excluded,Imports hybrid_graph_authorization and graph authorization context.
aquillm/apps/chat/services/skills_runtime.py,chat,ported,Development implementation/test imported; no graph dependency.
aquillm/apps/chat/services/tool_wiring/__init__.py,chat,ported,Development implementation/test imported; no graph dependency.
aquillm/apps/chat/services/tool_wiring/document_figure_payloads.py,chat,equivalent,Pure extraction of unchanged existing helpers in documents.py; existing implementation retained.
aquillm/apps/chat/services/tool_wiring/documents.py,chat,equivalent / graph-only excluded,Existing permission checks and figure payload behavior preserved; no hybrid graph dependencies or graph authorization args introduced.
aquillm/apps/chat/services/tool_wiring/memory.py,chat,ported,Development implementation/test imported; no graph dependency.
aquillm/apps/chat/tasks/__init__.py,chat,ported,Development implementation/test imported; no graph dependency.
aquillm/apps/chat/tasks/conversation_indexing.py,chat,ported,Development implementation/test imported; no graph dependency.
aquillm/apps/chat/tests/cross_document_acceptance_support.py,chat,ported,Development implementation/test imported; no graph dependency.
aquillm/apps/chat/tests/rag_evidence_handoff_test_support.py,chat,equivalent,Kept production helper split; development merely inlines same support code.
aquillm/apps/chat/tests/test_chat_history_search_intent.py,chat,ported,Development implementation/test imported; no graph dependency.
aquillm/apps/chat/tests/test_collection_prompt_skills.py,chat,mixed/adapted,Imported SQL-filter regression; changed async DB-wrapper test to transactional fixture because channels closes old DB connections.
aquillm/apps/chat/tests/test_conversation_chunking.py,chat,ported,Development implementation/test imported; no graph dependency.
aquillm/apps/chat/tests/test_conversation_indexing.py,chat,ported,Development implementation/test imported; no graph dependency.
aquillm/apps/chat/tests/test_cross_document_acceptance.py,chat,ported,Development implementation/test imported; no graph dependency.
aquillm/apps/chat/tests/test_direct_rag_pipeline.py,chat,mixed/adapted,Independent development acceptance tests imported; four graph-only tests removed; added real routing regression for memory-tool preemption.
aquillm/apps/chat/tests/test_direct_rag_recovery.py,chat,equivalent,Retained production recovery regressions; development moves these cases into direct pipeline test file.
aquillm/apps/chat/tests/test_direct_rag_websocket_smoke.py,chat,equivalent,Retained stronger production reconnect episodic-skip assertion; optional memory factory mock is not required by existing passing test.
aquillm/apps/chat/tests/test_rag_candidate_pool.py,chat,equivalent,Retained production candidate-pool regression; development moves into direct pipeline test file.
aquillm/apps/chat/tests/test_rag_evidence.py,chat,graph-only excluded,Only added test is graph-expanded evidence metadata/budget test.
aquillm/apps/chat/tests/test_rag_evidence_handoff.py,chat,mixed/adapted,Added request-only grounding regression; preserved main split fixture helper instead of source inlining refactor.
aquillm/apps/chat/tests/test_rag_query.py,chat,ported,Development implementation/test imported; no graph dependency.
aquillm/apps/chat/tests/test_single_document_graph_overlay.py,chat,graph-only excluded,Graph retrieval overlay tests.
aquillm/apps/chat/tests/test_tool_wiring_doc_access_cache.py,chat,ported,Development implementation/test imported; no graph dependency.
aquillm/apps/collections/management/__init__.py,root-review,graph-only excluded,"New graph schema, lifecycle fencing, extraction, topology, evaluation or UI integration; no independent runtime change identified."
aquillm/apps/collections/management/commands/__init__.py,root-review,graph-only excluded,"New graph schema, lifecycle fencing, extraction, topology, evaluation or UI integration; no independent runtime change identified."
aquillm/apps/collections/management/commands/generate_missing_collection_schemas.py,graph-candidate,graph-only excluded,"New graph schema, lifecycle fencing, extraction, topology, evaluation or UI integration; no independent runtime change identified."
aquillm/apps/collections/migrations/0002_collection_schema.py,graph-candidate,graph-only excluded,"New graph schema, lifecycle fencing, extraction, topology, evaluation or UI integration; no independent runtime change identified."
aquillm/apps/collections/migrations/0003_schema_head_and_generation_fencing.py,root-review,graph-only excluded,"New graph schema, lifecycle fencing, extraction, topology, evaluation or UI integration; no independent runtime change identified."
aquillm/apps/collections/models/__init__.py,root-review,retained main / graph-only delta,Source exports only added graph schema models.
aquillm/apps/collections/models/collection.py,root-review,ported / adapted,Independent development behavior or documentation ported; main-specific reliability and deployment settings preserved.
aquillm/apps/collections/models/schema.py,root-review,graph-only excluded,"New graph schema, lifecycle fencing, extraction, topology, evaluation or UI integration; no independent runtime change identified."
aquillm/apps/collections/services/django_retrieval_authorization.py,root-review,graph-only excluded,"New graph schema, lifecycle fencing, extraction, topology, evaluation or UI integration; no independent runtime change identified."
aquillm/apps/collections/services/graph_progress.py,root-review,graph-only excluded,"New graph schema, lifecycle fencing, extraction, topology, evaluation or UI integration; no independent runtime change identified."
aquillm/apps/collections/services/graph_visualization.py,root-review,graph-only excluded,"New graph schema, lifecycle fencing, extraction, topology, evaluation or UI integration; no independent runtime change identified."
aquillm/apps/collections/services/retrieval_authorization.py,root-review,graph-only excluded,"New graph schema, lifecycle fencing, extraction, topology, evaluation or UI integration; no independent runtime change identified."
aquillm/apps/collections/services/retrieval_authorization_contracts.py,root-review,graph-only excluded,"New graph schema, lifecycle fencing, extraction, topology, evaluation or UI integration; no independent runtime change identified."
aquillm/apps/collections/services/schema.py,root-review,graph-only excluded,"New graph schema, lifecycle fencing, extraction, topology, evaluation or UI integration; no independent runtime change identified."
aquillm/apps/collections/services/schema_generation.py,graph-candidate,graph-only excluded,"New graph schema, lifecycle fencing, extraction, topology, evaluation or UI integration; no independent runtime change identified."
aquillm/apps/collections/services/schema_generation_support.py,graph-candidate,graph-only excluded,"New graph schema, lifecycle fencing, extraction, topology, evaluation or UI integration; no independent runtime change identified."
aquillm/apps/collections/tasks/__init__.py,root-review,graph-only excluded,"New graph schema, lifecycle fencing, extraction, topology, evaluation or UI integration; no independent runtime change identified."
aquillm/apps/collections/tasks/schema_generation.py,graph-candidate,graph-only excluded,"New graph schema, lifecycle fencing, extraction, topology, evaluation or UI integration; no independent runtime change identified."
aquillm/apps/collections/tests/test_collection_parent_lock_order.py,root-review,retained main / graph-only delta,Tests graph generation fencing and collection schema parent locking.
aquillm/apps/collections/tests/test_django_retrieval_authorization.py,root-review,retained main / graph-only delta,Graph-gated authorization provider tests.
aquillm/apps/collections/tests/test_graph_build_progress.py,root-review,graph-only excluded,"New graph schema, lifecycle fencing, extraction, topology, evaluation or UI integration; no independent runtime change identified."
aquillm/apps/collections/tests/test_graph_visualization_api.py,root-review,graph-only excluded,"New graph schema, lifecycle fencing, extraction, topology, evaluation or UI integration; no independent runtime change identified."
aquillm/apps/collections/tests/test_retrieval_authorization.py,root-review,retained main / graph-only delta,Graph retrieval authorization contract tests.
aquillm/apps/collections/tests/test_schema_api.py,root-review,graph-only excluded,"New graph schema, lifecycle fencing, extraction, topology, evaluation or UI integration; no independent runtime change identified."
aquillm/apps/collections/tests/test_schema_audit_regressions.py,root-review,graph-only excluded,"New graph schema, lifecycle fencing, extraction, topology, evaluation or UI integration; no independent runtime change identified."
aquillm/apps/collections/tests/test_schema_backfill_command.py,root-review,graph-only excluded,"New graph schema, lifecycle fencing, extraction, topology, evaluation or UI integration; no independent runtime change identified."
aquillm/apps/collections/tests/test_schema_generation.py,graph-candidate,graph-only excluded,"New graph schema, lifecycle fencing, extraction, topology, evaluation or UI integration; no independent runtime change identified."
aquillm/apps/collections/tests/test_schema_generation_compose.py,graph-candidate,graph-only excluded,"New graph schema, lifecycle fencing, extraction, topology, evaluation or UI integration; no independent runtime change identified."
aquillm/apps/collections/tests/test_schema_generation_hardening.py,graph-candidate,graph-only excluded,"New graph schema, lifecycle fencing, extraction, topology, evaluation or UI integration; no independent runtime change identified."
aquillm/apps/collections/tests/test_schema_generation_settling.py,graph-candidate,graph-only excluded,"New graph schema, lifecycle fencing, extraction, topology, evaluation or UI integration; no independent runtime change identified."
aquillm/apps/collections/tests/test_schema_generation_task.py,graph-candidate,graph-only excluded,"New graph schema, lifecycle fencing, extraction, topology, evaluation or UI integration; no independent runtime change identified."
aquillm/apps/collections/tests/test_schema_generation_task_leases.py,graph-candidate,graph-only excluded,"New graph schema, lifecycle fencing, extraction, topology, evaluation or UI integration; no independent runtime change identified."
aquillm/apps/collections/tests/test_schema_generation_task_lifecycle.py,graph-candidate,graph-only excluded,"New graph schema, lifecycle fencing, extraction, topology, evaluation or UI integration; no independent runtime change identified."
aquillm/apps/collections/tests/test_schema_models.py,root-review,graph-only excluded,"New graph schema, lifecycle fencing, extraction, topology, evaluation or UI integration; no independent runtime change identified."
aquillm/apps/collections/views/api.py,root-review,ported / adapted,Independent development behavior or documentation ported; main-specific reliability and deployment settings preserved.
aquillm/apps/collections/views/graph_api.py,root-review,graph-only excluded,"New graph schema, lifecycle fencing, extraction, topology, evaluation or UI integration; no independent runtime change identified."
aquillm/apps/collections/views/pages.py,root-review,ported / adapted,Independent development behavior or documentation ported; main-specific reliability and deployment settings preserved.
aquillm/apps/collections/views/schema_api.py,root-review,graph-only excluded,"New graph schema, lifecycle fencing, extraction, topology, evaluation or UI integration; no independent runtime change identified."
aquillm/apps/collections/views/schema_api_fixtures.py,root-review,graph-only excluded,"New graph schema, lifecycle fencing, extraction, topology, evaluation or UI integration; no independent runtime change identified."
aquillm/apps/collections/views/schema_api_helpers.py,root-review,graph-only excluded,"New graph schema, lifecycle fencing, extraction, topology, evaluation or UI integration; no independent runtime change identified."
aquillm/apps/core/views/pages.py,root-review,ported / adapted,Independent development behavior or documentation ported; main-specific reliability and deployment settings preserved.
aquillm/apps/documents/migrations/0003_document_source_url.py,documents,ported,Independent source feature or regression imported.
aquillm/apps/documents/migrations/0004_documentfigure_concrete_parent_key.py,documents,ported,Independent source feature or regression imported.
aquillm/apps/documents/models/chunks.py,documents,mixed / adapted,Independent source behavior ported while removing graph dependencies and preserving production hardening; graph lifecycle replaced by document row transactions and post-delete cleanup.
aquillm/apps/documents/models/document.py,documents,mixed / adapted,Independent source behavior ported while removing graph dependencies and preserving production hardening; graph lifecycle replaced by document row transactions and post-delete cleanup.
aquillm/apps/documents/models/document_types/figure.py,documents,ported,Independent source feature or regression imported.
aquillm/apps/documents/models/document_types/raw_text.py,documents,ported,Independent source feature or regression imported.
aquillm/apps/documents/services/chunk_rerank.py,documents,mixed / adapted,Independent source behavior ported while removing graph dependencies and preserving production hardening; graph lifecycle replaced by document row transactions and post-delete cleanup.
aquillm/apps/documents/services/chunk_rerank_budget.py,documents,equivalent / stronger main retained,"Production hardening retained: shared query budget, complete finite score checks, stable ties, cached endpoint validation/routing, or terminal-error recovery. Config retains tested main 900-char/96-token reserve defaults; source metadata accessors support graph evaluation only."
aquillm/apps/documents/services/chunk_rerank_config.py,documents,equivalent / stronger main retained,"Production hardening retained: shared query budget, complete finite score checks, stable ties, cached endpoint validation/routing, or terminal-error recovery. Config retains tested main 900-char/96-token reserve defaults; source metadata accessors support graph evaluation only."
aquillm/apps/documents/services/chunk_rerank_local_vllm.py,documents,mixed / adapted,Independent source behavior ported while removing graph dependencies and preserving production hardening; graph lifecycle replaced by document row transactions and post-delete cleanup.
aquillm/apps/documents/services/chunk_rerank_parse.py,documents,ported,Independent source feature or regression imported.
aquillm/apps/documents/services/chunk_rerank_score.py,documents,equivalent / stronger main retained,"Production hardening retained: shared query budget, complete finite score checks, stable ties, cached endpoint validation/routing, or terminal-error recovery. Config retains tested main 900-char/96-token reserve defaults; source metadata accessors support graph evaluation only."
aquillm/apps/documents/services/chunk_search.py,documents,mixed / adapted,Independent source behavior ported while removing graph dependencies and preserving production hardening; graph lifecycle replaced by document row transactions and post-delete cleanup.
aquillm/apps/documents/services/chunk_search_candidates.py,documents,graph-only excluded / equivalent baseline,"Graph overlay, provenance, lifecycle locking, scope, fusion or schema types excluded. Baseline lexical/vector selection already equivalent; lazy-vector failure fallback and privacy diagnostics independently ported to chunk_search. Independent chunk lifecycle protection reimplemented without graph references."
aquillm/apps/documents/services/chunk_search_fusion.py,documents,graph-only excluded / equivalent baseline,"Graph overlay, provenance, lifecycle locking, scope, fusion or schema types excluded. Baseline lexical/vector selection already equivalent; lazy-vector failure fallback and privacy diagnostics independently ported to chunk_search. Independent chunk lifecycle protection reimplemented without graph references."
aquillm/apps/documents/services/chunk_search_graph_seeds.py,documents,graph-only excluded / equivalent baseline,"Graph overlay, provenance, lifecycle locking, scope, fusion or schema types excluded. Baseline lexical/vector selection already equivalent; lazy-vector failure fallback and privacy diagnostics independently ported to chunk_search. Independent chunk lifecycle protection reimplemented without graph references."
aquillm/apps/documents/services/chunk_search_legacy_graph.py,documents,graph-only excluded / equivalent baseline,"Graph overlay, provenance, lifecycle locking, scope, fusion or schema types excluded. Baseline lexical/vector selection already equivalent; lazy-vector failure fallback and privacy diagnostics independently ported to chunk_search. Independent chunk lifecycle protection reimplemented without graph references."
aquillm/apps/documents/services/citation_narrow.py,documents,ported,Independent source feature or regression imported.
aquillm/apps/documents/services/hybrid_graph_authorization.py,graph-candidate,graph-only excluded / equivalent baseline,"Graph overlay, provenance, lifecycle locking, scope, fusion or schema types excluded. Baseline lexical/vector selection already equivalent; lazy-vector failure fallback and privacy diagnostics independently ported to chunk_search. Independent chunk lifecycle protection reimplemented without graph references."
aquillm/apps/documents/services/hybrid_graph_dependencies.py,graph-candidate,graph-only excluded / equivalent baseline,"Graph overlay, provenance, lifecycle locking, scope, fusion or schema types excluded. Baseline lexical/vector selection already equivalent; lazy-vector failure fallback and privacy diagnostics independently ported to chunk_search. Independent chunk lifecycle protection reimplemented without graph references."
aquillm/apps/documents/services/hybrid_graph_orchestration.py,graph-candidate,graph-only excluded / equivalent baseline,"Graph overlay, provenance, lifecycle locking, scope, fusion or schema types excluded. Baseline lexical/vector selection already equivalent; lazy-vector failure fallback and privacy diagnostics independently ported to chunk_search. Independent chunk lifecycle protection reimplemented without graph references."
aquillm/apps/documents/services/image_payloads.py,documents,ported,Independent source feature or regression imported.
aquillm/apps/documents/services/rag_cache.py,documents,mixed / adapted,Independent source behavior ported while removing graph dependencies and preserving production hardening; graph lifecycle replaced by document row transactions and post-delete cleanup.
aquillm/apps/documents/services/rag_cache_rerank.py,documents,equivalent / stronger main retained,"Production hardening retained: shared query budget, complete finite score checks, stable ties, cached endpoint validation/routing, or terminal-error recovery. Config retains tested main 900-char/96-token reserve defaults; source metadata accessors support graph evaluation only."
aquillm/apps/documents/tasks/chunking.py,documents,mixed / adapted,Independent source behavior ported while removing graph dependencies and preserving production hardening; graph lifecycle replaced by document row transactions and post-delete cleanup.
aquillm/apps/documents/tests/_chunk_graph_lifecycle_support.py,documents,graph-only excluded / equivalent baseline,"Graph overlay, provenance, lifecycle locking, scope, fusion or schema types excluded. Baseline lexical/vector selection already equivalent; lazy-vector failure fallback and privacy diagnostics independently ported to chunk_search. Independent chunk lifecycle protection reimplemented without graph references."
aquillm/apps/documents/tests/hybrid_graph_test_support.py,graph-candidate,graph-only excluded / equivalent baseline,"Graph overlay, provenance, lifecycle locking, scope, fusion or schema types excluded. Baseline lexical/vector selection already equivalent; lazy-vector failure fallback and privacy diagnostics independently ported to chunk_search. Independent chunk lifecycle protection reimplemented without graph references."
aquillm/apps/documents/tests/test_chunk_graph_identity.py,documents,graph-only excluded / equivalent baseline,"Graph overlay, provenance, lifecycle locking, scope, fusion or schema types excluded. Baseline lexical/vector selection already equivalent; lazy-vector failure fallback and privacy diagnostics independently ported to chunk_search. Independent chunk lifecycle protection reimplemented without graph references."
aquillm/apps/documents/tests/test_chunk_graph_lifecycle.py,documents,graph-only excluded / equivalent baseline,"Graph overlay, provenance, lifecycle locking, scope, fusion or schema types excluded. Baseline lexical/vector selection already equivalent; lazy-vector failure fallback and privacy diagnostics independently ported to chunk_search. Independent chunk lifecycle protection reimplemented without graph references."
aquillm/apps/documents/tests/test_chunk_graph_multimodal.py,documents,graph-only excluded / equivalent baseline,"Graph overlay, provenance, lifecycle locking, scope, fusion or schema types excluded. Baseline lexical/vector selection already equivalent; lazy-vector failure fallback and privacy diagnostics independently ported to chunk_search. Independent chunk lifecycle protection reimplemented without graph references."
aquillm/apps/documents/tests/test_chunk_graph_replacement.py,documents,graph-only excluded / equivalent baseline,"Graph overlay, provenance, lifecycle locking, scope, fusion or schema types excluded. Baseline lexical/vector selection already equivalent; lazy-vector failure fallback and privacy diagnostics independently ported to chunk_search. Independent chunk lifecycle protection reimplemented without graph references."
aquillm/apps/documents/tests/test_chunk_rerank_budget.py,documents,equivalent / stronger main retained,"Production hardening retained: shared query budget, complete finite score checks, stable ties, cached endpoint validation/routing, or terminal-error recovery. Config retains tested main 900-char/96-token reserve defaults; source metadata accessors support graph evaluation only."
aquillm/apps/documents/tests/test_chunk_search_candidates.py,documents,graph-only excluded / equivalent baseline,"Graph overlay, provenance, lifecycle locking, scope, fusion or schema types excluded. Baseline lexical/vector selection already equivalent; lazy-vector failure fallback and privacy diagnostics independently ported to chunk_search. Independent chunk lifecycle protection reimplemented without graph references."
aquillm/apps/documents/tests/test_chunk_search_diagnostics.py,documents,mixed / adapted,Independent source behavior ported while removing graph dependencies and preserving production hardening; graph lifecycle replaced by document row transactions and post-delete cleanup.
aquillm/apps/documents/tests/test_chunk_search_fusion.py,documents,graph-only excluded / equivalent baseline,"Graph overlay, provenance, lifecycle locking, scope, fusion or schema types excluded. Baseline lexical/vector selection already equivalent; lazy-vector failure fallback and privacy diagnostics independently ported to chunk_search. Independent chunk lifecycle protection reimplemented without graph references."
aquillm/apps/documents/tests/test_chunk_search_graph_overlay.py,documents,graph-only excluded / equivalent baseline,"Graph overlay, provenance, lifecycle locking, scope, fusion or schema types excluded. Baseline lexical/vector selection already equivalent; lazy-vector failure fallback and privacy diagnostics independently ported to chunk_search. Independent chunk lifecycle protection reimplemented without graph references."
aquillm/apps/documents/tests/test_chunk_search_query_cache.py,documents,ported,Independent source feature or regression imported.
aquillm/apps/documents/tests/test_citation_api.py,documents,ported,Independent source feature or regression imported.
aquillm/apps/documents/tests/test_document_figure_parent_schema.py,documents,ported,Independent source feature or regression imported.
aquillm/apps/documents/tests/test_document_move.py,documents,mixed / adapted,Independent source behavior ported while removing graph dependencies and preserving production hardening; graph lifecycle replaced by document row transactions and post-delete cleanup.
aquillm/apps/documents/tests/test_document_save_lock_order.py,documents,graph-only excluded / equivalent baseline,"Graph overlay, provenance, lifecycle locking, scope, fusion or schema types excluded. Baseline lexical/vector selection already equivalent; lazy-vector failure fallback and privacy diagnostics independently ported to chunk_search. Independent chunk lifecycle protection reimplemented without graph references."
aquillm/apps/documents/tests/test_hybrid_fallback_authorization.py,documents,graph-only excluded / equivalent baseline,"Graph overlay, provenance, lifecycle locking, scope, fusion or schema types excluded. Baseline lexical/vector selection already equivalent; lazy-vector failure fallback and privacy diagnostics independently ported to chunk_search. Independent chunk lifecycle protection reimplemented without graph references."
aquillm/apps/documents/tests/test_hybrid_graph_authorization.py,graph-candidate,graph-only excluded / equivalent baseline,"Graph overlay, provenance, lifecycle locking, scope, fusion or schema types excluded. Baseline lexical/vector selection already equivalent; lazy-vector failure fallback and privacy diagnostics independently ported to chunk_search. Independent chunk lifecycle protection reimplemented without graph references."
aquillm/apps/documents/tests/test_hybrid_graph_authorization_scope.py,graph-candidate,graph-only excluded / equivalent baseline,"Graph overlay, provenance, lifecycle locking, scope, fusion or schema types excluded. Baseline lexical/vector selection already equivalent; lazy-vector failure fallback and privacy diagnostics independently ported to chunk_search. Independent chunk lifecycle protection reimplemented without graph references."
aquillm/apps/documents/tests/test_hybrid_graph_dependencies.py,graph-candidate,graph-only excluded / equivalent baseline,"Graph overlay, provenance, lifecycle locking, scope, fusion or schema types excluded. Baseline lexical/vector selection already equivalent; lazy-vector failure fallback and privacy diagnostics independently ported to chunk_search. Independent chunk lifecycle protection reimplemented without graph references."
aquillm/apps/documents/tests/test_hybrid_graph_failures.py,graph-candidate,graph-only excluded / equivalent baseline,"Graph overlay, provenance, lifecycle locking, scope, fusion or schema types excluded. Baseline lexical/vector selection already equivalent; lazy-vector failure fallback and privacy diagnostics independently ported to chunk_search. Independent chunk lifecycle protection reimplemented without graph references."
aquillm/apps/documents/tests/test_hybrid_graph_orchestration.py,graph-candidate,graph-only excluded / equivalent baseline,"Graph overlay, provenance, lifecycle locking, scope, fusion or schema types excluded. Baseline lexical/vector selection already equivalent; lazy-vector failure fallback and privacy diagnostics independently ported to chunk_search. Independent chunk lifecycle protection reimplemented without graph references."
aquillm/apps/documents/tests/test_hybrid_graph_reranker_authority.py,graph-candidate,graph-only excluded / equivalent baseline,"Graph overlay, provenance, lifecycle locking, scope, fusion or schema types excluded. Baseline lexical/vector selection already equivalent; lazy-vector failure fallback and privacy diagnostics independently ported to chunk_search. Independent chunk lifecycle protection reimplemented without graph references."
aquillm/apps/documents/tests/test_multimodal_chunk_position_uniqueness.py,documents,ported,Independent source feature or regression imported.
aquillm/apps/documents/tests/test_pdf_response.py,documents,ported,Independent source feature or regression imported.
aquillm/apps/documents/tests/test_rag_cache.py,documents,ported,Independent source feature or regression imported.
aquillm/apps/documents/tests/test_rerank_capability_cache.py,documents,equivalent / stronger main retained,"Production hardening retained: shared query budget, complete finite score checks, stable ties, cached endpoint validation/routing, or terminal-error recovery. Config retains tested main 900-char/96-token reserve defaults; source metadata accessors support graph evaluation only."
aquillm/apps/documents/tests/test_rerank_http_cache.py,documents,mixed / adapted,Independent source behavior ported while removing graph dependencies and preserving production hardening; graph lifecycle replaced by document row transactions and post-delete cleanup.
aquillm/apps/documents/tests/test_rerank_request_routing.py,documents,equivalent / stronger main retained,"Production hardening retained: shared query budget, complete finite score checks, stable ties, cached endpoint validation/routing, or terminal-error recovery. Config retains tested main 900-char/96-token reserve defaults; source metadata accessors support graph evaluation only."
aquillm/apps/documents/tests/test_rerank_score_validation.py,documents,equivalent / stronger main retained,"Production hardening retained: shared query budget, complete finite score checks, stable ties, cached endpoint validation/routing, or terminal-error recovery. Config retains tested main 900-char/96-token reserve defaults; source metadata accessors support graph evaluation only."
aquillm/apps/documents/tests/test_retrieval_log_redaction.py,documents,ported,Independent source feature or regression imported.
aquillm/apps/documents/tests/test_text_chunk_document.py,documents,ported,Independent source feature or regression imported.
aquillm/apps/documents/views/api.py,documents,ported,Independent source feature or regression imported.
aquillm/apps/documents/views/pages.py,documents,ported,Independent source feature or regression imported.
aquillm/apps/ingestion/services/arxiv_ingest.py,root-review,ported / adapted,Independent development behavior or documentation ported; main-specific reliability and deployment settings preserved.
aquillm/apps/ingestion/tests/test_ingest_consumers_auth.py,root-review,ported / adapted,Independent development behavior or documentation ported; main-specific reliability and deployment settings preserved.
aquillm/apps/ingestion/tests/test_transcribe_provider_selection.py,root-review,ported / adapted,Independent development behavior or documentation ported; main-specific reliability and deployment settings preserved.
aquillm/apps/ingestion/tests/test_unified_ingestion_api.py,root-review,ported / adapted,Independent development behavior or documentation ported; main-specific reliability and deployment settings preserved.
aquillm/apps/ingestion/views/api/arxiv.py,root-review,ported / adapted,Independent development behavior or documentation ported; main-specific reliability and deployment settings preserved.
aquillm/apps/ingestion/views/api/uploads.py,root-review,ported / adapted,Independent development behavior or documentation ported; main-specific reliability and deployment settings preserved.
aquillm/apps/ingestion/views/api/web.py,root-review,ported / adapted,Independent development behavior or documentation ported; main-specific reliability and deployment settings preserved.
aquillm/apps/ingestion/views/pages.py,root-review,ported / adapted,Independent development behavior or documentation ported; main-specific reliability and deployment settings preserved.
aquillm/apps/integrations/zotero/services/library_sync.py,root-review,ported / adapted,Independent development behavior or documentation ported; main-specific reliability and deployment settings preserved.
aquillm/apps/integrations/zotero/services/sync_collections.py,root-review,ported / adapted,Independent development behavior or documentation ported; main-specific reliability and deployment settings preserved.
aquillm/apps/integrations/zotero/services/sync_items.py,root-review,ported / adapted,Independent development behavior or documentation ported; main-specific reliability and deployment settings preserved.
aquillm/apps/integrations/zotero/tasks.py,root-review,ported / adapted,Independent development behavior or documentation ported; main-specific reliability and deployment settings preserved.
aquillm/apps/knowledge_graph/__init__.py,graph-candidate,graph-only excluded,"New graph schema, lifecycle fencing, extraction, topology, evaluation or UI integration; no independent runtime change identified."
aquillm/apps/knowledge_graph/apps.py,graph-candidate,graph-only excluded,"New graph schema, lifecycle fencing, extraction, topology, evaluation or UI integration; no independent runtime change identified."
aquillm/apps/knowledge_graph/evals/__init__.py,graph-candidate,graph-only excluded,"New graph schema, lifecycle fencing, extraction, topology, evaluation or UI integration; no independent runtime change identified."
aquillm/apps/knowledge_graph/evals/extraction_cases.yaml,graph-candidate,graph-only excluded,"New graph schema, lifecycle fencing, extraction, topology, evaluation or UI integration; no independent runtime change identified."
aquillm/apps/knowledge_graph/evals/fixture_manifest.py,graph-candidate,graph-only excluded,"New graph schema, lifecycle fencing, extraction, topology, evaluation or UI integration; no independent runtime change identified."
aquillm/apps/knowledge_graph/evals/fixture_manifest_assertions.py,graph-candidate,graph-only excluded,"New graph schema, lifecycle fencing, extraction, topology, evaluation or UI integration; no independent runtime change identified."
aquillm/apps/knowledge_graph/evals/fixture_manifest_types.py,graph-candidate,graph-only excluded,"New graph schema, lifecycle fencing, extraction, topology, evaluation or UI integration; no independent runtime change identified."
aquillm/apps/knowledge_graph/evals/fixture_manifest_validation.py,graph-candidate,graph-only excluded,"New graph schema, lifecycle fencing, extraction, topology, evaluation or UI integration; no independent runtime change identified."
aquillm/apps/knowledge_graph/evals/fixture_manifest_validation_helpers.py,graph-candidate,graph-only excluded,"New graph schema, lifecycle fencing, extraction, topology, evaluation or UI integration; no independent runtime change identified."
aquillm/apps/knowledge_graph/evals/fixture_seed.py,graph-candidate,graph-only excluded,"New graph schema, lifecycle fencing, extraction, topology, evaluation or UI integration; no independent runtime change identified."
aquillm/apps/knowledge_graph/evals/fixture_seed_cases.py,graph-candidate,graph-only excluded,"New graph schema, lifecycle fencing, extraction, topology, evaluation or UI integration; no independent runtime change identified."
aquillm/apps/knowledge_graph/evals/fixture_seed_contract.py,graph-candidate,graph-only excluded,"New graph schema, lifecycle fencing, extraction, topology, evaluation or UI integration; no independent runtime change identified."
aquillm/apps/knowledge_graph/evals/fixture_seed_graph_occurrences.py,graph-candidate,graph-only excluded,"New graph schema, lifecycle fencing, extraction, topology, evaluation or UI integration; no independent runtime change identified."
aquillm/apps/knowledge_graph/evals/fixture_seed_graph_requests.py,graph-candidate,graph-only excluded,"New graph schema, lifecycle fencing, extraction, topology, evaluation or UI integration; no independent runtime change identified."
aquillm/apps/knowledge_graph/evals/fixture_seed_manifest_io.py,graph-candidate,graph-only excluded,"New graph schema, lifecycle fencing, extraction, topology, evaluation or UI integration; no independent runtime change identified."
aquillm/apps/knowledge_graph/evals/fixture_seed_persistence.py,graph-candidate,graph-only excluded,"New graph schema, lifecycle fencing, extraction, topology, evaluation or UI integration; no independent runtime change identified."
aquillm/apps/knowledge_graph/evals/fixture_seed_query.py,graph-candidate,graph-only excluded,"New graph schema, lifecycle fencing, extraction, topology, evaluation or UI integration; no independent runtime change identified."
aquillm/apps/knowledge_graph/evals/fixture_seed_topology.py,graph-candidate,graph-only excluded,"New graph schema, lifecycle fencing, extraction, topology, evaluation or UI integration; no independent runtime change identified."
aquillm/apps/knowledge_graph/evals/retrieval_cases.yaml,graph-candidate,graph-only excluded,"New graph schema, lifecycle fencing, extraction, topology, evaluation or UI integration; no independent runtime change identified."
aquillm/apps/knowledge_graph/evals/retrieval_eval_statistics.py,graph-candidate,graph-only excluded,"New graph schema, lifecycle fencing, extraction, topology, evaluation or UI integration; no independent runtime change identified."
aquillm/apps/knowledge_graph/evals/run_kg_eval.py,graph-candidate,graph-only excluded,"New graph schema, lifecycle fencing, extraction, topology, evaluation or UI integration; no independent runtime change identified."
aquillm/apps/knowledge_graph/evals/task21_hybrid_eval.py,graph-candidate,graph-only excluded,"New graph schema, lifecycle fencing, extraction, topology, evaluation or UI integration; no independent runtime change identified."
aquillm/apps/knowledge_graph/evals/task21_hybrid_eval_cli.py,graph-candidate,graph-only excluded,"New graph schema, lifecycle fencing, extraction, topology, evaluation or UI integration; no independent runtime change identified."
aquillm/apps/knowledge_graph/evals/task21_hybrid_eval_validation.py,graph-candidate,graph-only excluded,"New graph schema, lifecycle fencing, extraction, topology, evaluation or UI integration; no independent runtime change identified."
aquillm/apps/knowledge_graph/evals/task21_hybrid_live_authority.py,graph-candidate,graph-only excluded,"New graph schema, lifecycle fencing, extraction, topology, evaluation or UI integration; no independent runtime change identified."
aquillm/apps/knowledge_graph/evals/task21_hybrid_live_evidence.py,graph-candidate,graph-only excluded,"New graph schema, lifecycle fencing, extraction, topology, evaluation or UI integration; no independent runtime change identified."
aquillm/apps/knowledge_graph/evals/task21_hybrid_live_execution.py,graph-candidate,graph-only excluded,"New graph schema, lifecycle fencing, extraction, topology, evaluation or UI integration; no independent runtime change identified."
aquillm/apps/knowledge_graph/evals/task21_hybrid_live_observations.py,graph-candidate,graph-only excluded,"New graph schema, lifecycle fencing, extraction, topology, evaluation or UI integration; no independent runtime change identified."
aquillm/apps/knowledge_graph/evals/task21_hybrid_live_parity.py,graph-candidate,graph-only excluded,"New graph schema, lifecycle fencing, extraction, topology, evaluation or UI integration; no independent runtime change identified."
aquillm/apps/knowledge_graph/evals/task21_hybrid_live_payloads.py,graph-candidate,graph-only excluded,"New graph schema, lifecycle fencing, extraction, topology, evaluation or UI integration; no independent runtime change identified."
aquillm/apps/knowledge_graph/evals/task21_hybrid_live_runner.py,graph-candidate,graph-only excluded,"New graph schema, lifecycle fencing, extraction, topology, evaluation or UI integration; no independent runtime change identified."
aquillm/apps/knowledge_graph/evals/task21_hybrid_live_trace.py,graph-candidate,graph-only excluded,"New graph schema, lifecycle fencing, extraction, topology, evaluation or UI integration; no independent runtime change identified."
aquillm/apps/knowledge_graph/evals/task21_hybrid_live_trace_build.py,graph-candidate,graph-only excluded,"New graph schema, lifecycle fencing, extraction, topology, evaluation or UI integration; no independent runtime change identified."
aquillm/apps/knowledge_graph/evals/task21_hybrid_live_trace_observations.py,graph-candidate,graph-only excluded,"New graph schema, lifecycle fencing, extraction, topology, evaluation or UI integration; no independent runtime change identified."
aquillm/apps/knowledge_graph/evals/task21_hybrid_live_trace_schema.py,graph-candidate,graph-only excluded,"New graph schema, lifecycle fencing, extraction, topology, evaluation or UI integration; no independent runtime change identified."
aquillm/apps/knowledge_graph/extraction/__init__.py,graph-candidate,graph-only excluded,"New graph schema, lifecycle fencing, extraction, topology, evaluation or UI integration; no independent runtime change identified."
aquillm/apps/knowledge_graph/extraction/pipeline.py,graph-candidate,graph-only excluded,"New graph schema, lifecycle fencing, extraction, topology, evaluation or UI integration; no independent runtime change identified."
aquillm/apps/knowledge_graph/extraction/windows.py,graph-candidate,graph-only excluded,"New graph schema, lifecycle fencing, extraction, topology, evaluation or UI integration; no independent runtime change identified."
aquillm/apps/knowledge_graph/graph/__init__.py,graph-candidate,graph-only excluded,"New graph schema, lifecycle fencing, extraction, topology, evaluation or UI integration; no independent runtime change identified."
aquillm/apps/knowledge_graph/graph/assembly.py,graph-candidate,graph-only excluded,"New graph schema, lifecycle fencing, extraction, topology, evaluation or UI integration; no independent runtime change identified."
aquillm/apps/knowledge_graph/graph/contributor_validation.py,graph-candidate,graph-only excluded,"New graph schema, lifecycle fencing, extraction, topology, evaluation or UI integration; no independent runtime change identified."
aquillm/apps/knowledge_graph/graph/filtering.py,graph-candidate,graph-only excluded,"New graph schema, lifecycle fencing, extraction, topology, evaluation or UI integration; no independent runtime change identified."
aquillm/apps/knowledge_graph/graph/invalidation.py,graph-candidate,graph-only excluded,"New graph schema, lifecycle fencing, extraction, topology, evaluation or UI integration; no independent runtime change identified."
aquillm/apps/knowledge_graph/graph/manifest_locking.py,graph-candidate,graph-only excluded,"New graph schema, lifecycle fencing, extraction, topology, evaluation or UI integration; no independent runtime change identified."
aquillm/apps/knowledge_graph/graph/recovery.py,graph-candidate,graph-only excluded,"New graph schema, lifecycle fencing, extraction, topology, evaluation or UI integration; no independent runtime change identified."
aquillm/apps/knowledge_graph/management/__init__.py,graph-candidate,graph-only excluded,"New graph schema, lifecycle fencing, extraction, topology, evaluation or UI integration; no independent runtime change identified."
aquillm/apps/knowledge_graph/management/commands/__init__.py,graph-candidate,graph-only excluded,"New graph schema, lifecycle fencing, extraction, topology, evaluation or UI integration; no independent runtime change identified."
aquillm/apps/knowledge_graph/management/commands/activate_knowledge_graph_ontology.py,graph-candidate,graph-only excluded,"New graph schema, lifecycle fencing, extraction, topology, evaluation or UI integration; no independent runtime change identified."
aquillm/apps/knowledge_graph/management/commands/check_knowledge_graph_extractor.py,graph-candidate,graph-only excluded,"New graph schema, lifecycle fencing, extraction, topology, evaluation or UI integration; no independent runtime change identified."
aquillm/apps/knowledge_graph/management/commands/inspect_knowledge_graph.py,graph-candidate,graph-only excluded,"New graph schema, lifecycle fencing, extraction, topology, evaluation or UI integration; no independent runtime change identified."
aquillm/apps/knowledge_graph/management/commands/inspect_knowledge_graph_projection.py,graph-candidate,graph-only excluded,"New graph schema, lifecycle fencing, extraction, topology, evaluation or UI integration; no independent runtime change identified."
aquillm/apps/knowledge_graph/management/commands/project_knowledge_graph.py,graph-candidate,graph-only excluded,"New graph schema, lifecycle fencing, extraction, topology, evaluation or UI integration; no independent runtime change identified."
aquillm/apps/knowledge_graph/management/commands/prune_knowledge_graph.py,graph-candidate,graph-only excluded,"New graph schema, lifecycle fencing, extraction, topology, evaluation or UI integration; no independent runtime change identified."
aquillm/apps/knowledge_graph/management/commands/prune_knowledge_graph_projection.py,graph-candidate,graph-only excluded,"New graph schema, lifecycle fencing, extraction, topology, evaluation or UI integration; no independent runtime change identified."
aquillm/apps/knowledge_graph/management/commands/rebuild_knowledge_graph.py,graph-candidate,graph-only excluded,"New graph schema, lifecycle fencing, extraction, topology, evaluation or UI integration; no independent runtime change identified."
aquillm/apps/knowledge_graph/management/commands/reconcile_knowledge_graph_projection.py,graph-candidate,graph-only excluded,"New graph schema, lifecycle fencing, extraction, topology, evaluation or UI integration; no independent runtime change identified."
aquillm/apps/knowledge_graph/management/commands/seed_knowledge_graph_eval_fixture.py,graph-candidate,graph-only excluded,"New graph schema, lifecycle fencing, extraction, topology, evaluation or UI integration; no independent runtime change identified."
aquillm/apps/knowledge_graph/migrations/0001_initial.py,graph-candidate,graph-only excluded,"New graph schema, lifecycle fencing, extraction, topology, evaluation or UI integration; no independent runtime change identified."
aquillm/apps/knowledge_graph/migrations/0002_graph_build_run_stages.py,graph-candidate,graph-only excluded,"New graph schema, lifecycle fencing, extraction, topology, evaluation or UI integration; no independent runtime change identified."
aquillm/apps/knowledge_graph/migrations/0003_graph_lifecycle_ownership.py,graph-candidate,graph-only excluded,"New graph schema, lifecycle fencing, extraction, topology, evaluation or UI integration; no independent runtime change identified."
aquillm/apps/knowledge_graph/migrations/0004_canonical_identity_audit.py,graph-candidate,graph-only excluded,"New graph schema, lifecycle fencing, extraction, topology, evaluation or UI integration; no independent runtime change identified."
aquillm/apps/knowledge_graph/migrations/0005_graph_rebuild_request.py,graph-candidate,graph-only excluded,"New graph schema, lifecycle fencing, extraction, topology, evaluation or UI integration; no independent runtime change identified."
aquillm/apps/knowledge_graph/migrations/0006_graph_rebuild_live_indexes.py,graph-candidate,graph-only excluded,"New graph schema, lifecycle fencing, extraction, topology, evaluation or UI integration; no independent runtime change identified."
aquillm/apps/knowledge_graph/migrations/0007_memgraph_projection_authority.py,graph-candidate,graph-only excluded,"New graph schema, lifecycle fencing, extraction, topology, evaluation or UI integration; no independent runtime change identified."
aquillm/apps/knowledge_graph/migrations/0008_projection_worker_state_api.py,graph-candidate,graph-only excluded,"New graph schema, lifecycle fencing, extraction, topology, evaluation or UI integration; no independent runtime change identified."
aquillm/apps/knowledge_graph/migrations/0009_fix_projection_outbox_operation_type.py,graph-candidate,graph-only excluded,"New graph schema, lifecycle fencing, extraction, topology, evaluation or UI integration; no independent runtime change identified."
aquillm/apps/knowledge_graph/migrations/0010_projection_prune_completion.py,graph-candidate,graph-only excluded,"New graph schema, lifecycle fencing, extraction, topology, evaluation or UI integration; no independent runtime change identified."
aquillm/apps/knowledge_graph/migrations/0011_projection_bulk_chunk_fence.py,graph-candidate,graph-only excluded,"New graph schema, lifecycle fencing, extraction, topology, evaluation or UI integration; no independent runtime change identified."
aquillm/apps/knowledge_graph/migrations/__init__.py,graph-candidate,graph-only excluded,"New graph schema, lifecycle fencing, extraction, topology, evaluation or UI integration; no independent runtime change identified."
aquillm/apps/knowledge_graph/models/__init__.py,graph-candidate,graph-only excluded,"New graph schema, lifecycle fencing, extraction, topology, evaluation or UI integration; no independent runtime change identified."
aquillm/apps/knowledge_graph/models/artifacts.py,graph-candidate,graph-only excluded,"New graph schema, lifecycle fencing, extraction, topology, evaluation or UI integration; no independent runtime change identified."
aquillm/apps/knowledge_graph/models/associations.py,graph-candidate,graph-only excluded,"New graph schema, lifecycle fencing, extraction, topology, evaluation or UI integration; no independent runtime change identified."
aquillm/apps/knowledge_graph/models/entities.py,graph-candidate,graph-only excluded,"New graph schema, lifecycle fencing, extraction, topology, evaluation or UI integration; no independent runtime change identified."
aquillm/apps/knowledge_graph/models/inputs.py,graph-candidate,graph-only excluded,"New graph schema, lifecycle fencing, extraction, topology, evaluation or UI integration; no independent runtime change identified."
aquillm/apps/knowledge_graph/models/ontology.py,graph-candidate,graph-only excluded,"New graph schema, lifecycle fencing, extraction, topology, evaluation or UI integration; no independent runtime change identified."
aquillm/apps/knowledge_graph/models/projection_lifecycle_validation.py,graph-candidate,graph-only excluded,"New graph schema, lifecycle fencing, extraction, topology, evaluation or UI integration; no independent runtime change identified."
aquillm/apps/knowledge_graph/models/projections.py,graph-candidate,graph-only excluded,"New graph schema, lifecycle fencing, extraction, topology, evaluation or UI integration; no independent runtime change identified."
aquillm/apps/knowledge_graph/models/relations.py,graph-candidate,graph-only excluded,"New graph schema, lifecycle fencing, extraction, topology, evaluation or UI integration; no independent runtime change identified."
aquillm/apps/knowledge_graph/models/vector_validation.py,graph-candidate,graph-only excluded,"New graph schema, lifecycle fencing, extraction, topology, evaluation or UI integration; no independent runtime change identified."
aquillm/apps/knowledge_graph/ontologies/research-v1.yaml,graph-candidate,graph-only excluded,"New graph schema, lifecycle fencing, extraction, topology, evaluation or UI integration; no independent runtime change identified."
aquillm/apps/knowledge_graph/projection/__init__.py,graph-candidate,graph-only excluded,"New graph schema, lifecycle fencing, extraction, topology, evaluation or UI integration; no independent runtime change identified."
aquillm/apps/knowledge_graph/projection/bundle_validation.py,graph-candidate,graph-only excluded,"New graph schema, lifecycle fencing, extraction, topology, evaluation or UI integration; no independent runtime change identified."
aquillm/apps/knowledge_graph/projection/chunk_reference_store.py,graph-candidate,graph-only excluded,"New graph schema, lifecycle fencing, extraction, topology, evaluation or UI integration; no independent runtime change identified."
aquillm/apps/knowledge_graph/projection/control_records.py,graph-candidate,graph-only excluded,"New graph schema, lifecycle fencing, extraction, topology, evaluation or UI integration; no independent runtime change identified."
aquillm/apps/knowledge_graph/projection/database_router.py,graph-candidate,graph-only excluded,"New graph schema, lifecycle fencing, extraction, topology, evaluation or UI integration; no independent runtime change identified."
aquillm/apps/knowledge_graph/projection/django_projection_evidence.py,graph-candidate,graph-only excluded,"New graph schema, lifecycle fencing, extraction, topology, evaluation or UI integration; no independent runtime change identified."
aquillm/apps/knowledge_graph/projection/django_projection_rows.py,graph-candidate,graph-only excluded,"New graph schema, lifecycle fencing, extraction, topology, evaluation or UI integration; no independent runtime change identified."
aquillm/apps/knowledge_graph/projection/django_projection_source.py,graph-candidate,graph-only excluded,"New graph schema, lifecycle fencing, extraction, topology, evaluation or UI integration; no independent runtime change identified."
aquillm/apps/knowledge_graph/projection/django_projection_topology.py,graph-candidate,graph-only excluded,"New graph schema, lifecycle fencing, extraction, topology, evaluation or UI integration; no independent runtime change identified."
aquillm/apps/knowledge_graph/projection/generation_audit.py,graph-candidate,graph-only excluded,"New graph schema, lifecycle fencing, extraction, topology, evaluation or UI integration; no independent runtime change identified."
aquillm/apps/knowledge_graph/projection/identifiers.py,graph-candidate,graph-only excluded,"New graph schema, lifecycle fencing, extraction, topology, evaluation or UI integration; no independent runtime change identified."
aquillm/apps/knowledge_graph/projection/inspection.py,graph-candidate,graph-only excluded,"New graph schema, lifecycle fencing, extraction, topology, evaluation or UI integration; no independent runtime change identified."
aquillm/apps/knowledge_graph/projection/lifecycle.py,graph-candidate,graph-only excluded,"New graph schema, lifecycle fencing, extraction, topology, evaluation or UI integration; no independent runtime change identified."
aquillm/apps/knowledge_graph/projection/limits.py,graph-candidate,graph-only excluded,"New graph schema, lifecycle fencing, extraction, topology, evaluation or UI integration; no independent runtime change identified."
aquillm/apps/knowledge_graph/projection/memberships.py,graph-candidate,graph-only excluded,"New graph schema, lifecycle fencing, extraction, topology, evaluation or UI integration; no independent runtime change identified."
aquillm/apps/knowledge_graph/projection/memgraph_driver.py,graph-candidate,graph-only excluded,"New graph schema, lifecycle fencing, extraction, topology, evaluation or UI integration; no independent runtime change identified."
aquillm/apps/knowledge_graph/projection/memgraph_edge_validation.py,graph-candidate,graph-only excluded,"New graph schema, lifecycle fencing, extraction, topology, evaluation or UI integration; no independent runtime change identified."
aquillm/apps/knowledge_graph/projection/memgraph_edges.py,graph-candidate,graph-only excluded,"New graph schema, lifecycle fencing, extraction, topology, evaluation or UI integration; no independent runtime change identified."
aquillm/apps/knowledge_graph/projection/memgraph_pagination.py,graph-candidate,graph-only excluded,"New graph schema, lifecycle fencing, extraction, topology, evaluation or UI integration; no independent runtime change identified."
aquillm/apps/knowledge_graph/projection/memgraph_records.py,graph-candidate,graph-only excluded,"New graph schema, lifecycle fencing, extraction, topology, evaluation or UI integration; no independent runtime change identified."
aquillm/apps/knowledge_graph/projection/memgraph_repository.py,graph-candidate,graph-only excluded,"New graph schema, lifecycle fencing, extraction, topology, evaluation or UI integration; no independent runtime change identified."
aquillm/apps/knowledge_graph/projection/memgraph_streaming.py,graph-candidate,graph-only excluded,"New graph schema, lifecycle fencing, extraction, topology, evaluation or UI integration; no independent runtime change identified."
aquillm/apps/knowledge_graph/projection/memgraph_validation.py,graph-candidate,graph-only excluded,"New graph schema, lifecycle fencing, extraction, topology, evaluation or UI integration; no independent runtime change identified."
aquillm/apps/knowledge_graph/projection/outbox.py,graph-candidate,graph-only excluded,"New graph schema, lifecycle fencing, extraction, topology, evaluation or UI integration; no independent runtime change identified."
aquillm/apps/knowledge_graph/projection/postgres_repository.py,graph-candidate,graph-only excluded,"New graph schema, lifecycle fencing, extraction, topology, evaluation or UI integration; no independent runtime change identified."
aquillm/apps/knowledge_graph/projection/projection_encoding.py,graph-candidate,graph-only excluded,"New graph schema, lifecycle fencing, extraction, topology, evaluation or UI integration; no independent runtime change identified."
aquillm/apps/knowledge_graph/projection/projection_evidence_encoding.py,graph-candidate,graph-only excluded,"New graph schema, lifecycle fencing, extraction, topology, evaluation or UI integration; no independent runtime change identified."
aquillm/apps/knowledge_graph/projection/projection_private_encoding.py,graph-candidate,graph-only excluded,"New graph schema, lifecycle fencing, extraction, topology, evaluation or UI integration; no independent runtime change identified."
aquillm/apps/knowledge_graph/projection/projection_topology_encoding.py,graph-candidate,graph-only excluded,"New graph schema, lifecycle fencing, extraction, topology, evaluation or UI integration; no independent runtime change identified."
aquillm/apps/knowledge_graph/projection/reconciler.py,graph-candidate,graph-only excluded,"New graph schema, lifecycle fencing, extraction, topology, evaluation or UI integration; no independent runtime change identified."
aquillm/apps/knowledge_graph/projection/reconciliation_types.py,graph-candidate,graph-only excluded,"New graph schema, lifecycle fencing, extraction, topology, evaluation or UI integration; no independent runtime change identified."
aquillm/apps/knowledge_graph/projection/records.py,graph-candidate,graph-only excluded,"New graph schema, lifecycle fencing, extraction, topology, evaluation or UI integration; no independent runtime change identified."
aquillm/apps/knowledge_graph/projection/runtime.py,graph-candidate,graph-only excluded,"New graph schema, lifecycle fencing, extraction, topology, evaluation or UI integration; no independent runtime change identified."
aquillm/apps/knowledge_graph/projection/serialization.py,graph-candidate,graph-only excluded,"New graph schema, lifecycle fencing, extraction, topology, evaluation or UI integration; no independent runtime change identified."
aquillm/apps/knowledge_graph/projection/state_repository.py,graph-candidate,graph-only excluded,"New graph schema, lifecycle fencing, extraction, topology, evaluation or UI integration; no independent runtime change identified."
aquillm/apps/knowledge_graph/projection/tasks.py,graph-candidate,graph-only excluded,"New graph schema, lifecycle fencing, extraction, topology, evaluation or UI integration; no independent runtime change identified."
aquillm/apps/knowledge_graph/projection/topology_adapter.py,graph-candidate,graph-only excluded,"New graph schema, lifecycle fencing, extraction, topology, evaluation or UI integration; no independent runtime change identified."
aquillm/apps/knowledge_graph/projection/topology_cypher.py,graph-candidate,graph-only excluded,"New graph schema, lifecycle fencing, extraction, topology, evaluation or UI integration; no independent runtime change identified."
aquillm/apps/knowledge_graph/projection/topology_encoding.py,graph-candidate,graph-only excluded,"New graph schema, lifecycle fencing, extraction, topology, evaluation or UI integration; no independent runtime change identified."
aquillm/apps/knowledge_graph/projection/topology_request.py,graph-candidate,graph-only excluded,"New graph schema, lifecycle fencing, extraction, topology, evaluation or UI integration; no independent runtime change identified."
aquillm/apps/knowledge_graph/projection/topology_results.py,graph-candidate,graph-only excluded,"New graph schema, lifecycle fencing, extraction, topology, evaluation or UI integration; no independent runtime change identified."
aquillm/apps/knowledge_graph/projection/topology_selection.py,graph-candidate,graph-only excluded,"New graph schema, lifecycle fencing, extraction, topology, evaluation or UI integration; no independent runtime change identified."
aquillm/apps/knowledge_graph/projection/topology_snapshot.py,graph-candidate,graph-only excluded,"New graph schema, lifecycle fencing, extraction, topology, evaluation or UI integration; no independent runtime change identified."
aquillm/apps/knowledge_graph/projection/worker.py,graph-candidate,graph-only excluded,"New graph schema, lifecycle fencing, extraction, topology, evaluation or UI integration; no independent runtime change identified."
aquillm/apps/knowledge_graph/resolution/__init__.py,graph-candidate,graph-only excluded,"New graph schema, lifecycle fencing, extraction, topology, evaluation or UI integration; no independent runtime change identified."
aquillm/apps/knowledge_graph/resolution/canonical.py,graph-candidate,graph-only excluded,"New graph schema, lifecycle fencing, extraction, topology, evaluation or UI integration; no independent runtime change identified."
aquillm/apps/knowledge_graph/resolution/collection.py,graph-candidate,graph-only excluded,"New graph schema, lifecycle fencing, extraction, topology, evaluation or UI integration; no independent runtime change identified."
aquillm/apps/knowledge_graph/resolution/coreference.py,graph-candidate,graph-only excluded,"New graph schema, lifecycle fencing, extraction, topology, evaluation or UI integration; no independent runtime change identified."
aquillm/apps/knowledge_graph/resolution/normalization.py,graph-candidate,graph-only excluded,"New graph schema, lifecycle fencing, extraction, topology, evaluation or UI integration; no independent runtime change identified."
aquillm/apps/knowledge_graph/resolution/persistence.py,graph-candidate,graph-only excluded,"New graph schema, lifecycle fencing, extraction, topology, evaluation or UI integration; no independent runtime change identified."
aquillm/apps/knowledge_graph/resolution/scoring.py,graph-candidate,graph-only excluded,"New graph schema, lifecycle fencing, extraction, topology, evaluation or UI integration; no independent runtime change identified."
aquillm/apps/knowledge_graph/retrieval/__init__.py,graph-candidate,graph-only excluded,"New graph schema, lifecycle fencing, extraction, topology, evaluation or UI integration; no independent runtime change identified."
aquillm/apps/knowledge_graph/retrieval/branch_contracts.py,graph-candidate,graph-only excluded,"New graph schema, lifecycle fencing, extraction, topology, evaluation or UI integration; no independent runtime change identified."
aquillm/apps/knowledge_graph/retrieval/direct_seed_contracts.py,graph-candidate,graph-only excluded,"New graph schema, lifecycle fencing, extraction, topology, evaluation or UI integration; no independent runtime change identified."
aquillm/apps/knowledge_graph/retrieval/direct_seed_repository.py,graph-candidate,graph-only excluded,"New graph schema, lifecycle fencing, extraction, topology, evaluation or UI integration; no independent runtime change identified."
aquillm/apps/knowledge_graph/retrieval/direct_seed_resolution.py,graph-candidate,graph-only excluded,"New graph schema, lifecycle fencing, extraction, topology, evaluation or UI integration; no independent runtime change identified."
aquillm/apps/knowledge_graph/retrieval/expansion.py,graph-candidate,graph-only excluded,"New graph schema, lifecycle fencing, extraction, topology, evaluation or UI integration; no independent runtime change identified."
aquillm/apps/knowledge_graph/retrieval/extended_seed_repository.py,graph-candidate,graph-only excluded,"New graph schema, lifecycle fencing, extraction, topology, evaluation or UI integration; no independent runtime change identified."
aquillm/apps/knowledge_graph/retrieval/materialization.py,graph-candidate,graph-only excluded,"New graph schema, lifecycle fencing, extraction, topology, evaluation or UI integration; no independent runtime change identified."
aquillm/apps/knowledge_graph/retrieval/ppr.py,graph-candidate,graph-only excluded,"New graph schema, lifecycle fencing, extraction, topology, evaluation or UI integration; no independent runtime change identified."
aquillm/apps/knowledge_graph/retrieval/ppr_kernel.py,graph-candidate,graph-only excluded,"New graph schema, lifecycle fencing, extraction, topology, evaluation or UI integration; no independent runtime change identified."
aquillm/apps/knowledge_graph/retrieval/production_direct.py,graph-candidate,graph-only excluded,"New graph schema, lifecycle fencing, extraction, topology, evaluation or UI integration; no independent runtime change identified."
aquillm/apps/knowledge_graph/retrieval/production_extended.py,graph-candidate,graph-only excluded,"New graph schema, lifecycle fencing, extraction, topology, evaluation or UI integration; no independent runtime change identified."
aquillm/apps/knowledge_graph/retrieval/production_runtime.py,graph-candidate,graph-only excluded,"New graph schema, lifecycle fencing, extraction, topology, evaluation or UI integration; no independent runtime change identified."
aquillm/apps/knowledge_graph/retrieval/production_runtime_support.py,graph-candidate,graph-only excluded,"New graph schema, lifecycle fencing, extraction, topology, evaluation or UI integration; no independent runtime change identified."
aquillm/apps/knowledge_graph/retrieval/projected_ppr.py,graph-candidate,graph-only excluded,"New graph schema, lifecycle fencing, extraction, topology, evaluation or UI integration; no independent runtime change identified."
aquillm/apps/knowledge_graph/retrieval/projected_snapshot.py,graph-candidate,graph-only excluded,"New graph schema, lifecycle fencing, extraction, topology, evaluation or UI integration; no independent runtime change identified."
aquillm/apps/knowledge_graph/retrieval/projected_snapshot_codec.py,graph-candidate,graph-only excluded,"New graph schema, lifecycle fencing, extraction, topology, evaluation or UI integration; no independent runtime change identified."
aquillm/apps/knowledge_graph/retrieval/projected_types.py,graph-candidate,graph-only excluded,"New graph schema, lifecycle fencing, extraction, topology, evaluation or UI integration; no independent runtime change identified."
aquillm/apps/knowledge_graph/retrieval/projected_types.pyi,graph-candidate,graph-only excluded,"New graph schema, lifecycle fencing, extraction, topology, evaluation or UI integration; no independent runtime change identified."
aquillm/apps/knowledge_graph/retrieval/query_embedding.py,graph-candidate,graph-only excluded,"New graph schema, lifecycle fencing, extraction, topology, evaluation or UI integration; no independent runtime change identified."
aquillm/apps/knowledge_graph/retrieval/query_ontology.py,graph-candidate,graph-only excluded,"New graph schema, lifecycle fencing, extraction, topology, evaluation or UI integration; no independent runtime change identified."
aquillm/apps/knowledge_graph/retrieval/ready_materialization.py,graph-candidate,graph-only excluded,"New graph schema, lifecycle fencing, extraction, topology, evaluation or UI integration; no independent runtime change identified."
aquillm/apps/knowledge_graph/retrieval/ready_scope.py,graph-candidate,graph-only excluded,"New graph schema, lifecycle fencing, extraction, topology, evaluation or UI integration; no independent runtime change identified."
aquillm/apps/knowledge_graph/retrieval/ready_scope_repository.py,graph-candidate,graph-only excluded,"New graph schema, lifecycle fencing, extraction, topology, evaluation or UI integration; no independent runtime change identified."
aquillm/apps/knowledge_graph/retrieval/scheduler.py,graph-candidate,graph-only excluded,"New graph schema, lifecycle fencing, extraction, topology, evaluation or UI integration; no independent runtime change identified."
aquillm/apps/knowledge_graph/retrieval/scheduler_support.py,graph-candidate,graph-only excluded,"New graph schema, lifecycle fencing, extraction, topology, evaluation or UI integration; no independent runtime change identified."
aquillm/apps/knowledge_graph/retrieval/scheduler_workers.py,graph-candidate,graph-only excluded,"New graph schema, lifecycle fencing, extraction, topology, evaluation or UI integration; no independent runtime change identified."
aquillm/apps/knowledge_graph/retrieval/topology/__init__.py,graph-candidate,graph-only excluded,"New graph schema, lifecycle fencing, extraction, topology, evaluation or UI integration; no independent runtime change identified."
aquillm/apps/knowledge_graph/retrieval/topology/contracts.py,graph-candidate,graph-only excluded,"New graph schema, lifecycle fencing, extraction, topology, evaluation or UI integration; no independent runtime change identified."
aquillm/apps/knowledge_graph/retrieval/topology/factory.py,graph-candidate,graph-only excluded,"New graph schema, lifecycle fencing, extraction, topology, evaluation or UI integration; no independent runtime change identified."
aquillm/apps/knowledge_graph/retrieval/topology/failures.py,graph-candidate,graph-only excluded,"New graph schema, lifecycle fencing, extraction, topology, evaluation or UI integration; no independent runtime change identified."
aquillm/apps/knowledge_graph/retrieval/topology/gateway_client.py,graph-candidate,graph-only excluded,"New graph schema, lifecycle fencing, extraction, topology, evaluation or UI integration; no independent runtime change identified."
aquillm/apps/knowledge_graph/retrieval/topology/gateway_config.py,graph-candidate,graph-only excluded,"New graph schema, lifecycle fencing, extraction, topology, evaluation or UI integration; no independent runtime change identified."
aquillm/apps/knowledge_graph/retrieval/topology/gateway_contracts.py,graph-candidate,graph-only excluded,"New graph schema, lifecycle fencing, extraction, topology, evaluation or UI integration; no independent runtime change identified."
aquillm/apps/knowledge_graph/retrieval/topology/gateway_service.py,graph-candidate,graph-only excluded,"New graph schema, lifecycle fencing, extraction, topology, evaluation or UI integration; no independent runtime change identified."
aquillm/apps/knowledge_graph/retrieval/topology/memgraph.py,graph-candidate,graph-only excluded,"New graph schema, lifecycle fencing, extraction, topology, evaluation or UI integration; no independent runtime change identified."
aquillm/apps/knowledge_graph/retrieval/topology/postgres.py,graph-candidate,graph-only excluded,"New graph schema, lifecycle fencing, extraction, topology, evaluation or UI integration; no independent runtime change identified."
aquillm/apps/knowledge_graph/retrieval/topology/projected_codec.py,graph-candidate,graph-only excluded,"New graph schema, lifecycle fencing, extraction, topology, evaluation or UI integration; no independent runtime change identified."
aquillm/apps/knowledge_graph/retrieval/types.py,graph-candidate,graph-only excluded,"New graph schema, lifecycle fencing, extraction, topology, evaluation or UI integration; no independent runtime change identified."
aquillm/apps/knowledge_graph/services/__init__.py,graph-candidate,graph-only excluded,"New graph schema, lifecycle fencing, extraction, topology, evaluation or UI integration; no independent runtime change identified."
aquillm/apps/knowledge_graph/services/builds.py,graph-candidate,graph-only excluded,"New graph schema, lifecycle fencing, extraction, topology, evaluation or UI integration; no independent runtime change identified."
aquillm/apps/knowledge_graph/services/failure_codes.py,graph-candidate,graph-only excluded,"New graph schema, lifecycle fencing, extraction, topology, evaluation or UI integration; no independent runtime change identified."
aquillm/apps/knowledge_graph/services/inspection.py,graph-candidate,graph-only excluded,"New graph schema, lifecycle fencing, extraction, topology, evaluation or UI integration; no independent runtime change identified."
aquillm/apps/knowledge_graph/services/inspection_rows.py,graph-candidate,graph-only excluded,"New graph schema, lifecycle fencing, extraction, topology, evaluation or UI integration; no independent runtime change identified."
aquillm/apps/knowledge_graph/services/ontology.py,graph-candidate,graph-only excluded,"New graph schema, lifecycle fencing, extraction, topology, evaluation or UI integration; no independent runtime change identified."
aquillm/apps/knowledge_graph/services/pruning.py,graph-candidate,graph-only excluded,"New graph schema, lifecycle fencing, extraction, topology, evaluation or UI integration; no independent runtime change identified."
aquillm/apps/knowledge_graph/services/rebuild_failure_locking.py,graph-candidate,graph-only excluded,"New graph schema, lifecycle fencing, extraction, topology, evaluation or UI integration; no independent runtime change identified."
aquillm/apps/knowledge_graph/tasks.py,graph-candidate,graph-only excluded,"New graph schema, lifecycle fencing, extraction, topology, evaluation or UI integration; no independent runtime change identified."
aquillm/apps/knowledge_graph/tests/memgraph_test_support.py,graph-candidate,graph-only excluded,"New graph schema, lifecycle fencing, extraction, topology, evaluation or UI integration; no independent runtime change identified."
aquillm/apps/knowledge_graph/tests/projected_ppr_fixtures.py,graph-candidate,graph-only excluded,"New graph schema, lifecycle fencing, extraction, topology, evaluation or UI integration; no independent runtime change identified."
aquillm/apps/knowledge_graph/tests/retrieval_eval_support.py,graph-candidate,graph-only excluded,"New graph schema, lifecycle fencing, extraction, topology, evaluation or UI integration; no independent runtime change identified."
aquillm/apps/knowledge_graph/tests/task21_fixture_test_support.py,graph-candidate,graph-only excluded,"New graph schema, lifecycle fencing, extraction, topology, evaluation or UI integration; no independent runtime change identified."
aquillm/apps/knowledge_graph/tests/test_branch_contracts.py,graph-candidate,graph-only excluded,"New graph schema, lifecycle fencing, extraction, topology, evaluation or UI integration; no independent runtime change identified."
aquillm/apps/knowledge_graph/tests/test_build_generation_bootstrap_postgres.py,graph-candidate,graph-only excluded,"New graph schema, lifecycle fencing, extraction, topology, evaluation or UI integration; no independent runtime change identified."
aquillm/apps/knowledge_graph/tests/test_build_generation_uniqueness.py,graph-candidate,graph-only excluded,"New graph schema, lifecycle fencing, extraction, topology, evaluation or UI integration; no independent runtime change identified."
aquillm/apps/knowledge_graph/tests/test_build_idempotency.py,graph-candidate,graph-only excluded,"New graph schema, lifecycle fencing, extraction, topology, evaluation or UI integration; no independent runtime change identified."
aquillm/apps/knowledge_graph/tests/test_build_orchestration_postgres_races.py,graph-candidate,graph-only excluded,"New graph schema, lifecycle fencing, extraction, topology, evaluation or UI integration; no independent runtime change identified."
aquillm/apps/knowledge_graph/tests/test_bulk_build_failures.py,graph-candidate,graph-only excluded,"New graph schema, lifecycle fencing, extraction, topology, evaluation or UI integration; no independent runtime change identified."
aquillm/apps/knowledge_graph/tests/test_canonical_permissions.py,graph-candidate,graph-only excluded,"New graph schema, lifecycle fencing, extraction, topology, evaluation or UI integration; no independent runtime change identified."
aquillm/apps/knowledge_graph/tests/test_canonical_resolution.py,graph-candidate,graph-only excluded,"New graph schema, lifecycle fencing, extraction, topology, evaluation or UI integration; no independent runtime change identified."
aquillm/apps/knowledge_graph/tests/test_collection_ontology_selection.py,graph-candidate,graph-only excluded,"New graph schema, lifecycle fencing, extraction, topology, evaluation or UI integration; no independent runtime change identified."
aquillm/apps/knowledge_graph/tests/test_collection_resolution.py,graph-candidate,graph-only excluded,"New graph schema, lifecycle fencing, extraction, topology, evaluation or UI integration; no independent runtime change identified."
aquillm/apps/knowledge_graph/tests/test_config.py,graph-candidate,graph-only excluded,"New graph schema, lifecycle fencing, extraction, topology, evaluation or UI integration; no independent runtime change identified."
aquillm/apps/knowledge_graph/tests/test_coreference.py,graph-candidate,graph-only excluded,"New graph schema, lifecycle fencing, extraction, topology, evaluation or UI integration; no independent runtime change identified."
aquillm/apps/knowledge_graph/tests/test_cross_task_lock_contracts.py,graph-candidate,graph-only excluded,"New graph schema, lifecycle fencing, extraction, topology, evaluation or UI integration; no independent runtime change identified."
aquillm/apps/knowledge_graph/tests/test_current_graph_state.py,graph-candidate,graph-only excluded,"New graph schema, lifecycle fencing, extraction, topology, evaluation or UI integration; no independent runtime change identified."
aquillm/apps/knowledge_graph/tests/test_direct_seed_contracts.py,graph-candidate,graph-only excluded,"New graph schema, lifecycle fencing, extraction, topology, evaluation or UI integration; no independent runtime change identified."
aquillm/apps/knowledge_graph/tests/test_direct_seed_repository.py,graph-candidate,graph-only excluded,"New graph schema, lifecycle fencing, extraction, topology, evaluation or UI integration; no independent runtime change identified."
aquillm/apps/knowledge_graph/tests/test_direct_seed_resolution.py,graph-candidate,graph-only excluded,"New graph schema, lifecycle fencing, extraction, topology, evaluation or UI integration; no independent runtime change identified."
aquillm/apps/knowledge_graph/tests/test_django_projection_source.py,graph-candidate,graph-only excluded,"New graph schema, lifecycle fencing, extraction, topology, evaluation or UI integration; no independent runtime change identified."
aquillm/apps/knowledge_graph/tests/test_document_lifecycle.py,graph-candidate,graph-only excluded,"New graph schema, lifecycle fencing, extraction, topology, evaluation or UI integration; no independent runtime change identified."
aquillm/apps/knowledge_graph/tests/test_eval_collection_failures_postgres.py,graph-candidate,graph-only excluded,"New graph schema, lifecycle fencing, extraction, topology, evaluation or UI integration; no independent runtime change identified."
aquillm/apps/knowledge_graph/tests/test_eval_runner.py,graph-candidate,graph-only excluded,"New graph schema, lifecycle fencing, extraction, topology, evaluation or UI integration; no independent runtime change identified."
aquillm/apps/knowledge_graph/tests/test_eval_runner_django_init.py,graph-candidate,graph-only excluded,"New graph schema, lifecycle fencing, extraction, topology, evaluation or UI integration; no independent runtime change identified."
aquillm/apps/knowledge_graph/tests/test_extended_seed_lookup.py,graph-candidate,graph-only excluded,"New graph schema, lifecycle fencing, extraction, topology, evaluation or UI integration; no independent runtime change identified."
aquillm/apps/knowledge_graph/tests/test_extraction_preflight_capacity.py,graph-candidate,graph-only excluded,"New graph schema, lifecycle fencing, extraction, topology, evaluation or UI integration; no independent runtime change identified."
aquillm/apps/knowledge_graph/tests/test_filtering.py,graph-candidate,graph-only excluded,"New graph schema, lifecycle fencing, extraction, topology, evaluation or UI integration; no independent runtime change identified."
aquillm/apps/knowledge_graph/tests/test_graph_activation_lifecycle.py,graph-candidate,graph-only excluded,"New graph schema, lifecycle fencing, extraction, topology, evaluation or UI integration; no independent runtime change identified."
aquillm/apps/knowledge_graph/tests/test_graph_assembly.py,graph-candidate,graph-only excluded,"New graph schema, lifecycle fencing, extraction, topology, evaluation or UI integration; no independent runtime change identified."
aquillm/apps/knowledge_graph/tests/test_graph_assembly_limits.py,graph-candidate,graph-only excluded,"New graph schema, lifecycle fencing, extraction, topology, evaluation or UI integration; no independent runtime change identified."
aquillm/apps/knowledge_graph/tests/test_graph_enqueue.py,graph-candidate,graph-only excluded,"New graph schema, lifecycle fencing, extraction, topology, evaluation or UI integration; no independent runtime change identified."
aquillm/apps/knowledge_graph/tests/test_graph_lifecycle_migration.py,graph-candidate,graph-only excluded,"New graph schema, lifecycle fencing, extraction, topology, evaluation or UI integration; no independent runtime change identified."
aquillm/apps/knowledge_graph/tests/test_graph_query_envelopes.py,graph-candidate,graph-only excluded,"New graph schema, lifecycle fencing, extraction, topology, evaluation or UI integration; no independent runtime change identified."
aquillm/apps/knowledge_graph/tests/test_graph_recovery.py,graph-candidate,graph-only excluded,"New graph schema, lifecycle fencing, extraction, topology, evaluation or UI integration; no independent runtime change identified."
aquillm/apps/knowledge_graph/tests/test_inspection_rows.py,graph-candidate,graph-only excluded,"New graph schema, lifecycle fencing, extraction, topology, evaluation or UI integration; no independent runtime change identified."
aquillm/apps/knowledge_graph/tests/test_lifecycle_collector_fences.py,graph-candidate,graph-only excluded,"New graph schema, lifecycle fencing, extraction, topology, evaluation or UI integration; no independent runtime change identified."
aquillm/apps/knowledge_graph/tests/test_lifecycle_locking_postgres.py,graph-candidate,graph-only excluded,"New graph schema, lifecycle fencing, extraction, topology, evaluation or UI integration; no independent runtime change identified."
aquillm/apps/knowledge_graph/tests/test_lifecycle_origin_prelock.py,graph-candidate,graph-only excluded,"New graph schema, lifecycle fencing, extraction, topology, evaluation or UI integration; no independent runtime change identified."
aquillm/apps/knowledge_graph/tests/test_lifecycle_query_envelope.py,graph-candidate,graph-only excluded,"New graph schema, lifecycle fencing, extraction, topology, evaluation or UI integration; no independent runtime change identified."
aquillm/apps/knowledge_graph/tests/test_lifecycle_routing_snapshots.py,graph-candidate,graph-only excluded,"New graph schema, lifecycle fencing, extraction, topology, evaluation or UI integration; no independent runtime change identified."
aquillm/apps/knowledge_graph/tests/test_management_commands.py,graph-candidate,graph-only excluded,"New graph schema, lifecycle fencing, extraction, topology, evaluation or UI integration; no independent runtime change identified."
aquillm/apps/knowledge_graph/tests/test_memgraph_batch_indexes.py,graph-candidate,graph-only excluded,"New graph schema, lifecycle fencing, extraction, topology, evaluation or UI integration; no independent runtime change identified."
aquillm/apps/knowledge_graph/tests/test_memgraph_bounded_queries.py,graph-candidate,graph-only excluded,"New graph schema, lifecycle fencing, extraction, topology, evaluation or UI integration; no independent runtime change identified."
aquillm/apps/knowledge_graph/tests/test_memgraph_driver.py,graph-candidate,graph-only excluded,"New graph schema, lifecycle fencing, extraction, topology, evaluation or UI integration; no independent runtime change identified."
aquillm/apps/knowledge_graph/tests/test_memgraph_edge_pagination_indexes.py,graph-candidate,graph-only excluded,"New graph schema, lifecycle fencing, extraction, topology, evaluation or UI integration; no independent runtime change identified."
aquillm/apps/knowledge_graph/tests/test_memgraph_projection_batches.py,graph-candidate,graph-only excluded,"New graph schema, lifecycle fencing, extraction, topology, evaluation or UI integration; no independent runtime change identified."
aquillm/apps/knowledge_graph/tests/test_memgraph_projection_checksums.py,graph-candidate,graph-only excluded,"New graph schema, lifecycle fencing, extraction, topology, evaluation or UI integration; no independent runtime change identified."
aquillm/apps/knowledge_graph/tests/test_memgraph_projection_container.py,graph-candidate,graph-only excluded,"New graph schema, lifecycle fencing, extraction, topology, evaluation or UI integration; no independent runtime change identified."
aquillm/apps/knowledge_graph/tests/test_memgraph_projection_edges.py,graph-candidate,graph-only excluded,"New graph schema, lifecycle fencing, extraction, topology, evaluation or UI integration; no independent runtime change identified."
aquillm/apps/knowledge_graph/tests/test_memgraph_projection_reads.py,graph-candidate,graph-only excluded,"New graph schema, lifecycle fencing, extraction, topology, evaluation or UI integration; no independent runtime change identified."
aquillm/apps/knowledge_graph/tests/test_memgraph_projection_repository.py,graph-candidate,graph-only excluded,"New graph schema, lifecycle fencing, extraction, topology, evaluation or UI integration; no independent runtime change identified."
aquillm/apps/knowledge_graph/tests/test_memgraph_projection_validation.py,graph-candidate,graph-only excluded,"New graph schema, lifecycle fencing, extraction, topology, evaluation or UI integration; no independent runtime change identified."
aquillm/apps/knowledge_graph/tests/test_memgraph_record_ordering.py,graph-candidate,graph-only excluded,"New graph schema, lifecycle fencing, extraction, topology, evaluation or UI integration; no independent runtime change identified."
aquillm/apps/knowledge_graph/tests/test_memgraph_streaming_validation.py,graph-candidate,graph-only excluded,"New graph schema, lifecycle fencing, extraction, topology, evaluation or UI integration; no independent runtime change identified."
aquillm/apps/knowledge_graph/tests/test_memgraph_topology.py,graph-candidate,graph-only excluded,"New graph schema, lifecycle fencing, extraction, topology, evaluation or UI integration; no independent runtime change identified."
aquillm/apps/knowledge_graph/tests/test_memgraph_topology_families.py,graph-candidate,graph-only excluded,"New graph schema, lifecycle fencing, extraction, topology, evaluation or UI integration; no independent runtime change identified."
aquillm/apps/knowledge_graph/tests/test_memgraph_topology_indexes.py,graph-candidate,graph-only excluded,"New graph schema, lifecycle fencing, extraction, topology, evaluation or UI integration; no independent runtime change identified."
aquillm/apps/knowledge_graph/tests/test_memgraph_topology_integration.py,graph-candidate,graph-only excluded,"New graph schema, lifecycle fencing, extraction, topology, evaluation or UI integration; no independent runtime change identified."
aquillm/apps/knowledge_graph/tests/test_mention_extraction.py,graph-candidate,graph-only excluded,"New graph schema, lifecycle fencing, extraction, topology, evaluation or UI integration; no independent runtime change identified."
aquillm/apps/knowledge_graph/tests/test_models.py,graph-candidate,graph-only excluded,"New graph schema, lifecycle fencing, extraction, topology, evaluation or UI integration; no independent runtime change identified."
aquillm/apps/knowledge_graph/tests/test_normalization.py,graph-candidate,graph-only excluded,"New graph schema, lifecycle fencing, extraction, topology, evaluation or UI integration; no independent runtime change identified."
aquillm/apps/knowledge_graph/tests/test_ontology.py,graph-candidate,graph-only excluded,"New graph schema, lifecycle fencing, extraction, topology, evaluation or UI integration; no independent runtime change identified."
aquillm/apps/knowledge_graph/tests/test_postgres_projected_topology.py,graph-candidate,graph-only excluded,"New graph schema, lifecycle fencing, extraction, topology, evaluation or UI integration; no independent runtime change identified."
aquillm/apps/knowledge_graph/tests/test_production_hybrid_runtime.py,graph-candidate,graph-only excluded,"New graph schema, lifecycle fencing, extraction, topology, evaluation or UI integration; no independent runtime change identified."
aquillm/apps/knowledge_graph/tests/test_production_projection_read_aliases.py,graph-candidate,graph-only excluded,"New graph schema, lifecycle fencing, extraction, topology, evaluation or UI integration; no independent runtime change identified."
aquillm/apps/knowledge_graph/tests/test_projected_chunk_materialization.py,graph-candidate,graph-only excluded,"New graph schema, lifecycle fencing, extraction, topology, evaluation or UI integration; no independent runtime change identified."
aquillm/apps/knowledge_graph/tests/test_projected_ppr.py,graph-candidate,graph-only excluded,"New graph schema, lifecycle fencing, extraction, topology, evaluation or UI integration; no independent runtime change identified."
aquillm/apps/knowledge_graph/tests/test_projected_ppr_caps.py,graph-candidate,graph-only excluded,"New graph schema, lifecycle fencing, extraction, topology, evaluation or UI integration; no independent runtime change identified."
aquillm/apps/knowledge_graph/tests/test_projected_snapshot_contract.py,graph-candidate,graph-only excluded,"New graph schema, lifecycle fencing, extraction, topology, evaluation or UI integration; no independent runtime change identified."
aquillm/apps/knowledge_graph/tests/test_projected_snapshot_parity.py,graph-candidate,graph-only excluded,"New graph schema, lifecycle fencing, extraction, topology, evaluation or UI integration; no independent runtime change identified."
aquillm/apps/knowledge_graph/tests/test_projected_topology_adapter.py,graph-candidate,graph-only excluded,"New graph schema, lifecycle fencing, extraction, topology, evaluation or UI integration; no independent runtime change identified."
aquillm/apps/knowledge_graph/tests/test_projected_topology_adapter_caps.py,graph-candidate,graph-only excluded,"New graph schema, lifecycle fencing, extraction, topology, evaluation or UI integration; no independent runtime change identified."
aquillm/apps/knowledge_graph/tests/test_projection_audit_recovery.py,graph-candidate,graph-only excluded,"New graph schema, lifecycle fencing, extraction, topology, evaluation or UI integration; no independent runtime change identified."
aquillm/apps/knowledge_graph/tests/test_projection_bulk_limits.py,graph-candidate,graph-only excluded,"New graph schema, lifecycle fencing, extraction, topology, evaluation or UI integration; no independent runtime change identified."
aquillm/apps/knowledge_graph/tests/test_projection_bulk_postgres.py,graph-candidate,graph-only excluded,"New graph schema, lifecycle fencing, extraction, topology, evaluation or UI integration; no independent runtime change identified."
aquillm/apps/knowledge_graph/tests/test_projection_bundle_closure.py,graph-candidate,graph-only excluded,"New graph schema, lifecycle fencing, extraction, topology, evaluation or UI integration; no independent runtime change identified."
aquillm/apps/knowledge_graph/tests/test_projection_chunk_references.py,graph-candidate,graph-only excluded,"New graph schema, lifecycle fencing, extraction, topology, evaluation or UI integration; no independent runtime change identified."
aquillm/apps/knowledge_graph/tests/test_projection_control_lifecycle.py,graph-candidate,graph-only excluded,"New graph schema, lifecycle fencing, extraction, topology, evaluation or UI integration; no independent runtime change identified."
aquillm/apps/knowledge_graph/tests/test_projection_database_routing.py,graph-candidate,graph-only excluded,"New graph schema, lifecycle fencing, extraction, topology, evaluation or UI integration; no independent runtime change identified."
aquillm/apps/knowledge_graph/tests/test_projection_end_to_end.py,graph-candidate,graph-only excluded,"New graph schema, lifecycle fencing, extraction, topology, evaluation or UI integration; no independent runtime change identified."
aquillm/apps/knowledge_graph/tests/test_projection_heartbeat_postgres.py,graph-candidate,graph-only excluded,"New graph schema, lifecycle fencing, extraction, topology, evaluation or UI integration; no independent runtime change identified."
aquillm/apps/knowledge_graph/tests/test_projection_identifiers.py,graph-candidate,graph-only excluded,"New graph schema, lifecycle fencing, extraction, topology, evaluation or UI integration; no independent runtime change identified."
aquillm/apps/knowledge_graph/tests/test_projection_lifecycle.py,graph-candidate,graph-only excluded,"New graph schema, lifecycle fencing, extraction, topology, evaluation or UI integration; no independent runtime change identified."
aquillm/apps/knowledge_graph/tests/test_projection_locking_postgres.py,graph-candidate,graph-only excluded,"New graph schema, lifecycle fencing, extraction, topology, evaluation or UI integration; no independent runtime change identified."
aquillm/apps/knowledge_graph/tests/test_projection_management_commands.py,graph-candidate,graph-only excluded,"New graph schema, lifecycle fencing, extraction, topology, evaluation or UI integration; no independent runtime change identified."
aquillm/apps/knowledge_graph/tests/test_projection_memberships.py,graph-candidate,graph-only excluded,"New graph schema, lifecycle fencing, extraction, topology, evaluation or UI integration; no independent runtime change identified."
aquillm/apps/knowledge_graph/tests/test_projection_migration.py,graph-candidate,graph-only excluded,"New graph schema, lifecycle fencing, extraction, topology, evaluation or UI integration; no independent runtime change identified."
aquillm/apps/knowledge_graph/tests/test_projection_models.py,graph-candidate,graph-only excluded,"New graph schema, lifecycle fencing, extraction, topology, evaluation or UI integration; no independent runtime change identified."
aquillm/apps/knowledge_graph/tests/test_projection_orm_purposes.py,graph-candidate,graph-only excluded,"New graph schema, lifecycle fencing, extraction, topology, evaluation or UI integration; no independent runtime change identified."
aquillm/apps/knowledge_graph/tests/test_projection_outbox.py,graph-candidate,graph-only excluded,"New graph schema, lifecycle fencing, extraction, topology, evaluation or UI integration; no independent runtime change identified."
aquillm/apps/knowledge_graph/tests/test_projection_postgres_repository.py,graph-candidate,graph-only excluded,"New graph schema, lifecycle fencing, extraction, topology, evaluation or UI integration; no independent runtime change identified."
aquillm/apps/knowledge_graph/tests/test_projection_prune_completion_postgres.py,graph-candidate,graph-only excluded,"New graph schema, lifecycle fencing, extraction, topology, evaluation or UI integration; no independent runtime change identified."
aquillm/apps/knowledge_graph/tests/test_projection_prune_purpose.py,graph-candidate,graph-only excluded,"New graph schema, lifecycle fencing, extraction, topology, evaluation or UI integration; no independent runtime change identified."
aquillm/apps/knowledge_graph/tests/test_projection_pruning_control.py,graph-candidate,graph-only excluded,"New graph schema, lifecycle fencing, extraction, topology, evaluation or UI integration; no independent runtime change identified."
aquillm/apps/knowledge_graph/tests/test_projection_reconcile_eligibility_postgres.py,graph-candidate,graph-only excluded,"New graph schema, lifecycle fencing, extraction, topology, evaluation or UI integration; no independent runtime change identified."
aquillm/apps/knowledge_graph/tests/test_projection_reconciler.py,graph-candidate,graph-only excluded,"New graph schema, lifecycle fencing, extraction, topology, evaluation or UI integration; no independent runtime change identified."
aquillm/apps/knowledge_graph/tests/test_projection_reconciliation_control.py,graph-candidate,graph-only excluded,"New graph schema, lifecycle fencing, extraction, topology, evaluation or UI integration; no independent runtime change identified."
aquillm/apps/knowledge_graph/tests/test_projection_records.py,graph-candidate,graph-only excluded,"New graph schema, lifecycle fencing, extraction, topology, evaluation or UI integration; no independent runtime change identified."
aquillm/apps/knowledge_graph/tests/test_projection_runtime.py,graph-candidate,graph-only excluded,"New graph schema, lifecycle fencing, extraction, topology, evaluation or UI integration; no independent runtime change identified."
aquillm/apps/knowledge_graph/tests/test_projection_serialization.py,graph-candidate,graph-only excluded,"New graph schema, lifecycle fencing, extraction, topology, evaluation or UI integration; no independent runtime change identified."
aquillm/apps/knowledge_graph/tests/test_projection_serialization_ordering.py,graph-candidate,graph-only excluded,"New graph schema, lifecycle fencing, extraction, topology, evaluation or UI integration; no independent runtime change identified."
aquillm/apps/knowledge_graph/tests/test_projection_source_purposes.py,graph-candidate,graph-only excluded,"New graph schema, lifecycle fencing, extraction, topology, evaluation or UI integration; no independent runtime change identified."
aquillm/apps/knowledge_graph/tests/test_projection_state_repository.py,graph-candidate,graph-only excluded,"New graph schema, lifecycle fencing, extraction, topology, evaluation or UI integration; no independent runtime change identified."
aquillm/apps/knowledge_graph/tests/test_projection_tasks.py,graph-candidate,graph-only excluded,"New graph schema, lifecycle fencing, extraction, topology, evaluation or UI integration; no independent runtime change identified."
aquillm/apps/knowledge_graph/tests/test_projection_terminal_recovery.py,graph-candidate,graph-only excluded,"New graph schema, lifecycle fencing, extraction, topology, evaluation or UI integration; no independent runtime change identified."
aquillm/apps/knowledge_graph/tests/test_projection_topology_records.py,graph-candidate,graph-only excluded,"New graph schema, lifecycle fencing, extraction, topology, evaluation or UI integration; no independent runtime change identified."
aquillm/apps/knowledge_graph/tests/test_projection_worker_heartbeat.py,graph-candidate,graph-only excluded,"New graph schema, lifecycle fencing, extraction, topology, evaluation or UI integration; no independent runtime change identified."
aquillm/apps/knowledge_graph/tests/test_pruning.py,graph-candidate,graph-only excluded,"New graph schema, lifecycle fencing, extraction, topology, evaluation or UI integration; no independent runtime change identified."
aquillm/apps/knowledge_graph/tests/test_query_embedding.py,graph-candidate,graph-only excluded,"New graph schema, lifecycle fencing, extraction, topology, evaluation or UI integration; no independent runtime change identified."
aquillm/apps/knowledge_graph/tests/test_query_ontology.py,graph-candidate,graph-only excluded,"New graph schema, lifecycle fencing, extraction, topology, evaluation or UI integration; no independent runtime change identified."
aquillm/apps/knowledge_graph/tests/test_ready_materialization_batches.py,graph-candidate,graph-only excluded,"New graph schema, lifecycle fencing, extraction, topology, evaluation or UI integration; no independent runtime change identified."
aquillm/apps/knowledge_graph/tests/test_ready_scope.py,graph-candidate,graph-only excluded,"New graph schema, lifecycle fencing, extraction, topology, evaluation or UI integration; no independent runtime change identified."
aquillm/apps/knowledge_graph/tests/test_rebuild_transition_advance_postgres.py,graph-candidate,graph-only excluded,"New graph schema, lifecycle fencing, extraction, topology, evaluation or UI integration; no independent runtime change identified."
aquillm/apps/knowledge_graph/tests/test_retrieval_branch_local_failures.py,graph-candidate,graph-only excluded,"New graph schema, lifecycle fencing, extraction, topology, evaluation or UI integration; no independent runtime change identified."
aquillm/apps/knowledge_graph/tests/test_retrieval_branch_scheduler.py,graph-candidate,graph-only excluded,"New graph schema, lifecycle fencing, extraction, topology, evaluation or UI integration; no independent runtime change identified."
aquillm/apps/knowledge_graph/tests/test_retrieval_contracts.py,graph-candidate,graph-only excluded,"New graph schema, lifecycle fencing, extraction, topology, evaluation or UI integration; no independent runtime change identified."
aquillm/apps/knowledge_graph/tests/test_retrieval_eval.py,graph-candidate,graph-only excluded,"New graph schema, lifecycle fencing, extraction, topology, evaluation or UI integration; no independent runtime change identified."
aquillm/apps/knowledge_graph/tests/test_retrieval_eval_failures.py,graph-candidate,graph-only excluded,"New graph schema, lifecycle fencing, extraction, topology, evaluation or UI integration; no independent runtime change identified."
aquillm/apps/knowledge_graph/tests/test_retrieval_eval_metrics.py,graph-candidate,graph-only excluded,"New graph schema, lifecycle fencing, extraction, topology, evaluation or UI integration; no independent runtime change identified."
aquillm/apps/knowledge_graph/tests/test_retrieval_eval_security.py,graph-candidate,graph-only excluded,"New graph schema, lifecycle fencing, extraction, topology, evaluation or UI integration; no independent runtime change identified."
aquillm/apps/knowledge_graph/tests/test_retrieval_expansion.py,graph-candidate,graph-only excluded,"New graph schema, lifecycle fencing, extraction, topology, evaluation or UI integration; no independent runtime change identified."
aquillm/apps/knowledge_graph/tests/test_retrieval_overlay_permissions.py,graph-candidate,graph-only excluded,"New graph schema, lifecycle fencing, extraction, topology, evaluation or UI integration; no independent runtime change identified."
aquillm/apps/knowledge_graph/tests/test_retrieval_ppr.py,graph-candidate,graph-only excluded,"New graph schema, lifecycle fencing, extraction, topology, evaluation or UI integration; no independent runtime change identified."
aquillm/apps/knowledge_graph/tests/test_retrieval_scheduler_lifecycle.py,graph-candidate,graph-only excluded,"New graph schema, lifecycle fencing, extraction, topology, evaluation or UI integration; no independent runtime change identified."
aquillm/apps/knowledge_graph/tests/test_retrieval_snapshot.py,graph-candidate,graph-only excluded,"New graph schema, lifecycle fencing, extraction, topology, evaluation or UI integration; no independent runtime change identified."
aquillm/apps/knowledge_graph/tests/test_retrieval_snapshot_planner.py,graph-candidate,graph-only excluded,"New graph schema, lifecycle fencing, extraction, topology, evaluation or UI integration; no independent runtime change identified."
aquillm/apps/knowledge_graph/tests/test_seed_lookup_postgres.py,graph-candidate,graph-only excluded,"New graph schema, lifecycle fencing, extraction, topology, evaluation or UI integration; no independent runtime change identified."
aquillm/apps/knowledge_graph/tests/test_span_mapping.py,graph-candidate,graph-only excluded,"New graph schema, lifecycle fencing, extraction, topology, evaluation or UI integration; no independent runtime change identified."
aquillm/apps/knowledge_graph/tests/test_task21_fixture_cleanup_graph.py,graph-candidate,graph-only excluded,"New graph schema, lifecycle fencing, extraction, topology, evaluation or UI integration; no independent runtime change identified."
aquillm/apps/knowledge_graph/tests/test_task21_fixture_cleanup_hazards.py,graph-candidate,graph-only excluded,"New graph schema, lifecycle fencing, extraction, topology, evaluation or UI integration; no independent runtime change identified."
aquillm/apps/knowledge_graph/tests/test_task21_fixture_cleanup_locks.py,graph-candidate,graph-only excluded,"New graph schema, lifecycle fencing, extraction, topology, evaluation or UI integration; no independent runtime change identified."
aquillm/apps/knowledge_graph/tests/test_task21_fixture_commands.py,graph-candidate,graph-only excluded,"New graph schema, lifecycle fencing, extraction, topology, evaluation or UI integration; no independent runtime change identified."
aquillm/apps/knowledge_graph/tests/test_task21_fixture_seed_contract.py,graph-candidate,graph-only excluded,"New graph schema, lifecycle fencing, extraction, topology, evaluation or UI integration; no independent runtime change identified."
aquillm/apps/knowledge_graph/tests/test_task21_fixture_seed_safety.py,graph-candidate,graph-only excluded,"New graph schema, lifecycle fencing, extraction, topology, evaluation or UI integration; no independent runtime change identified."
aquillm/apps/knowledge_graph/tests/test_task21_hybrid_live_authority.py,graph-candidate,graph-only excluded,"New graph schema, lifecycle fencing, extraction, topology, evaluation or UI integration; no independent runtime change identified."
aquillm/apps/knowledge_graph/tests/test_task21_hybrid_live_evidence_publish.py,graph-candidate,graph-only excluded,"New graph schema, lifecycle fencing, extraction, topology, evaluation or UI integration; no independent runtime change identified."
aquillm/apps/knowledge_graph/tests/test_task21_hybrid_live_observations.py,graph-candidate,graph-only excluded,"New graph schema, lifecycle fencing, extraction, topology, evaluation or UI integration; no independent runtime change identified."
aquillm/apps/knowledge_graph/tests/test_task21_hybrid_live_payloads.py,graph-candidate,graph-only excluded,"New graph schema, lifecycle fencing, extraction, topology, evaluation or UI integration; no independent runtime change identified."
aquillm/apps/knowledge_graph/tests/test_tasks.py,graph-candidate,graph-only excluded,"New graph schema, lifecycle fencing, extraction, topology, evaluation or UI integration; no independent runtime change identified."
aquillm/apps/knowledge_graph/tests/test_topology_cap_isolation.py,graph-candidate,graph-only excluded,"New graph schema, lifecycle fencing, extraction, topology, evaluation or UI integration; no independent runtime change identified."
aquillm/apps/knowledge_graph/tests/test_topology_chunk_neighborhood.py,graph-candidate,graph-only excluded,"New graph schema, lifecycle fencing, extraction, topology, evaluation or UI integration; no independent runtime change identified."
aquillm/apps/knowledge_graph/tests/test_topology_contracts.py,graph-candidate,graph-only excluded,"New graph schema, lifecycle fencing, extraction, topology, evaluation or UI integration; no independent runtime change identified."
aquillm/apps/knowledge_graph/tests/test_topology_failure_mapping.py,graph-candidate,graph-only excluded,"New graph schema, lifecycle fencing, extraction, topology, evaluation or UI integration; no independent runtime change identified."
aquillm/apps/knowledge_graph/tests/test_topology_gateway_client.py,graph-candidate,graph-only excluded,"New graph schema, lifecycle fencing, extraction, topology, evaluation or UI integration; no independent runtime change identified."
aquillm/apps/knowledge_graph/tests/test_topology_gateway_contracts.py,graph-candidate,graph-only excluded,"New graph schema, lifecycle fencing, extraction, topology, evaluation or UI integration; no independent runtime change identified."
aquillm/apps/knowledge_graph/tests/test_topology_gateway_integration.py,graph-candidate,graph-only excluded,"New graph schema, lifecycle fencing, extraction, topology, evaluation or UI integration; no independent runtime change identified."
aquillm/apps/knowledge_graph/tests/test_topology_gateway_request_capacity.py,graph-candidate,graph-only excluded,"New graph schema, lifecycle fencing, extraction, topology, evaluation or UI integration; no independent runtime change identified."
aquillm/apps/knowledge_graph/tests/test_topology_gateway_service.py,graph-candidate,graph-only excluded,"New graph schema, lifecycle fencing, extraction, topology, evaluation or UI integration; no independent runtime change identified."
aquillm/apps/knowledge_graph/tests/test_topology_mention_source_budget.py,graph-candidate,graph-only excluded,"New graph schema, lifecycle fencing, extraction, topology, evaluation or UI integration; no independent runtime change identified."
aquillm/apps/knowledge_graph/tests/test_topology_request_cap_isolation.py,graph-candidate,graph-only excluded,"New graph schema, lifecycle fencing, extraction, topology, evaluation or UI integration; no independent runtime change identified."
aquillm/apps/knowledge_graph/tests/test_vector_constraint_validation.py,graph-candidate,graph-only excluded,"New graph schema, lifecycle fencing, extraction, topology, evaluation or UI integration; no independent runtime change identified."
aquillm/apps/knowledge_graph/tests/typecheck/projected_types_consumer.py,graph-candidate,graph-only excluded,"New graph schema, lifecycle fencing, extraction, topology, evaluation or UI integration; no independent runtime change identified."
aquillm/apps/memory/models/episodic.py,root-review,ported / adapted,Independent development behavior or documentation ported; main-specific reliability and deployment settings preserved.
aquillm/apps/memory/tests/test_chat_memory_latency.py,root-review,ported / adapted,Independent development behavior or documentation ported; main-specific reliability and deployment settings preserved.
aquillm/aquillm/adapters.py,root-review,ported / adapted,Independent development behavior or documentation ported; main-specific reliability and deployment settings preserved.
aquillm/aquillm/api_views.py,root-review,ported / adapted,Independent development behavior or documentation ported; main-specific reliability and deployment settings preserved.
aquillm/aquillm/app_version.py,root-review,ported / adapted,Independent development behavior or documentation ported; main-specific reliability and deployment settings preserved.
aquillm/aquillm/apps.py,root-review,ported / adapted,Independent development behavior or documentation ported; main-specific reliability and deployment settings preserved.
aquillm/aquillm/celery_schedules.py,root-review,graph-only excluded,"New graph schema, lifecycle fencing, extraction, topology, evaluation or UI integration; no independent runtime change identified."
aquillm/aquillm/context_processors.py,root-review,ported / adapted,Independent development behavior or documentation ported; main-specific reliability and deployment settings preserved.
aquillm/aquillm/crawl_status_consumers.py,root-review,ported / adapted,Independent development behavior or documentation ported; main-specific reliability and deployment settings preserved.
aquillm/aquillm/crawler_tasks.py,root-review,ported / adapted,Independent development behavior or documentation ported; main-specific reliability and deployment settings preserved.
aquillm/aquillm/ingestion/figure_extraction/__init__.py,documents,ported,Independent source feature or regression imported.
aquillm/aquillm/ingestion/figure_extraction/ebook.py,documents,ported,Independent source feature or regression imported.
aquillm/aquillm/ingestion/figure_extraction/office.py,documents,ported,Independent source feature or regression imported.
aquillm/aquillm/ingestion/figure_extraction/office_convert.py,documents,ported,Independent source feature or regression imported.
aquillm/aquillm/ingestion/figure_extraction/pdf.py,documents,ported,Independent source feature or regression imported.
aquillm/aquillm/ingestion/figure_extraction/pdf_geometry.py,documents,ported,Independent source feature or regression imported.
aquillm/aquillm/ingestion/figure_extraction/pdf_page_extractors.py,documents,ported,Independent source feature or regression imported.
aquillm/aquillm/ingestion/figure_extraction/spreadsheet.py,documents,ported,Independent source feature or regression imported.
aquillm/aquillm/ingestion/media.py,documents,ported,Independent source feature or regression imported.
aquillm/aquillm/ingestion/parser_figures.py,documents,ported,Independent source feature or regression imported.
aquillm/aquillm/memory.py,root-review,ported / adapted,Independent development behavior or documentation ported; main-specific reliability and deployment settings preserved.
aquillm/aquillm/observability.py,root-review,ported / adapted,Independent development behavior or documentation ported; main-specific reliability and deployment settings preserved.
aquillm/aquillm/projection_database_settings.py,graph-candidate,graph-only excluded,"New graph schema, lifecycle fencing, extraction, topology, evaluation or UI integration; no independent runtime change identified."
aquillm/aquillm/settings.py,root-review,ported / adapted,Independent development behavior or documentation ported; main-specific reliability and deployment settings preserved.
aquillm/aquillm/settings_logging.py,root-review,ported / adapted,Independent development behavior or documentation ported; main-specific reliability and deployment settings preserved.
aquillm/aquillm/utils.py,root-review,ported / adapted,Independent development behavior or documentation ported; main-specific reliability and deployment settings preserved.
aquillm/aquillm/zotero_client.py,root-review,ported / adapted,Independent development behavior or documentation ported; main-specific reliability and deployment settings preserved.
aquillm/aquillm/zotero_oauth.py,root-review,ported / adapted,Independent development behavior or documentation ported; main-specific reliability and deployment settings preserved.
aquillm/aquillm/zotero_views.py,root-review,ported / adapted,Independent development behavior or documentation ported; main-specific reliability and deployment settings preserved.
aquillm/lib/conversations/__init__.py,chat,ported,Development implementation/test imported; no graph dependency.
aquillm/lib/conversations/chunking.py,chat,ported,Development implementation/test imported; no graph dependency.
aquillm/lib/embeddings/__init__.py,root-review,ported / adapted,Independent development behavior or documentation ported; main-specific reliability and deployment settings preserved.
aquillm/lib/embeddings/local.py,root-review,ported / adapted,Independent development behavior or documentation ported; main-specific reliability and deployment settings preserved.
aquillm/lib/embeddings/multimodal.py,root-review,ported / adapted,Independent development behavior or documentation ported; main-specific reliability and deployment settings preserved.
aquillm/lib/embeddings/tests/test_context_limit_handling.py,root-review,ported / adapted,Independent development behavior or documentation ported; main-specific reliability and deployment settings preserved.
aquillm/lib/embeddings/utils.py,root-review,ported / adapted,Independent development behavior or documentation ported; main-specific reliability and deployment settings preserved.
aquillm/lib/knowledge_graph/__init__.py,graph-candidate,graph-only excluded,"New graph schema, lifecycle fencing, extraction, topology, evaluation or UI integration; no independent runtime change identified."
aquillm/lib/knowledge_graph/config.py,graph-candidate,graph-only excluded,"New graph schema, lifecycle fencing, extraction, topology, evaluation or UI integration; no independent runtime change identified."
aquillm/lib/knowledge_graph/extractors/__init__.py,graph-candidate,graph-only excluded,"New graph schema, lifecycle fencing, extraction, topology, evaluation or UI integration; no independent runtime change identified."
aquillm/lib/knowledge_graph/extractors/base.py,graph-candidate,graph-only excluded,"New graph schema, lifecycle fencing, extraction, topology, evaluation or UI integration; no independent runtime change identified."
aquillm/lib/knowledge_graph/extractors/factory.py,graph-candidate,graph-only excluded,"New graph schema, lifecycle fencing, extraction, topology, evaluation or UI integration; no independent runtime change identified."
aquillm/lib/knowledge_graph/extractors/gliner2_local.py,graph-candidate,graph-only excluded,"New graph schema, lifecycle fencing, extraction, topology, evaluation or UI integration; no independent runtime change identified."
aquillm/lib/knowledge_graph/query_extractor/__init__.py,graph-candidate,graph-only excluded,"New graph schema, lifecycle fencing, extraction, topology, evaluation or UI integration; no independent runtime change identified."
aquillm/lib/knowledge_graph/query_extractor/client.py,graph-candidate,graph-only excluded,"New graph schema, lifecycle fencing, extraction, topology, evaluation or UI integration; no independent runtime change identified."
aquillm/lib/knowledge_graph/query_extractor/config.py,graph-candidate,graph-only excluded,"New graph schema, lifecycle fencing, extraction, topology, evaluation or UI integration; no independent runtime change identified."
aquillm/lib/knowledge_graph/query_extractor/contracts.py,graph-candidate,graph-only excluded,"New graph schema, lifecycle fencing, extraction, topology, evaluation or UI integration; no independent runtime change identified."
aquillm/lib/knowledge_graph/query_extractor/ontology_payload.py,graph-candidate,graph-only excluded,"New graph schema, lifecycle fencing, extraction, topology, evaluation or UI integration; no independent runtime change identified."
aquillm/lib/knowledge_graph/query_extractor/service.py,graph-candidate,graph-only excluded,"New graph schema, lifecycle fencing, extraction, topology, evaluation or UI integration; no independent runtime change identified."
aquillm/lib/knowledge_graph/retrieval_config.py,graph-candidate,graph-only excluded,"New graph schema, lifecycle fencing, extraction, topology, evaluation or UI integration; no independent runtime change identified."
aquillm/lib/knowledge_graph/tests/__init__.py,graph-candidate,graph-only excluded,"New graph schema, lifecycle fencing, extraction, topology, evaluation or UI integration; no independent runtime change identified."
aquillm/lib/knowledge_graph/tests/test_contracts.py,graph-candidate,graph-only excluded,"New graph schema, lifecycle fencing, extraction, topology, evaluation or UI integration; no independent runtime change identified."
aquillm/lib/knowledge_graph/tests/test_factory.py,graph-candidate,graph-only excluded,"New graph schema, lifecycle fencing, extraction, topology, evaluation or UI integration; no independent runtime change identified."
aquillm/lib/knowledge_graph/tests/test_gliner2_local.py,graph-candidate,graph-only excluded,"New graph schema, lifecycle fencing, extraction, topology, evaluation or UI integration; no independent runtime change identified."
aquillm/lib/knowledge_graph/tests/test_query_extractor_client.py,graph-candidate,graph-only excluded,"New graph schema, lifecycle fencing, extraction, topology, evaluation or UI integration; no independent runtime change identified."
aquillm/lib/knowledge_graph/tests/test_query_extractor_contracts.py,graph-candidate,graph-only excluded,"New graph schema, lifecycle fencing, extraction, topology, evaluation or UI integration; no independent runtime change identified."
aquillm/lib/knowledge_graph/tests/test_query_extractor_service.py,graph-candidate,graph-only excluded,"New graph schema, lifecycle fencing, extraction, topology, evaluation or UI integration; no independent runtime change identified."
aquillm/lib/knowledge_graph/tests/test_query_ontology_payload.py,graph-candidate,graph-only excluded,"New graph schema, lifecycle fencing, extraction, topology, evaluation or UI integration; no independent runtime change identified."
aquillm/lib/knowledge_graph/tests/test_retrieval_config.py,graph-candidate,graph-only excluded,"New graph schema, lifecycle fencing, extraction, topology, evaluation or UI integration; no independent runtime change identified."
aquillm/lib/knowledge_graph/tests/test_retrieval_config_gateway.py,graph-candidate,graph-only excluded,"New graph schema, lifecycle fencing, extraction, topology, evaluation or UI integration; no independent runtime change identified."
aquillm/lib/knowledge_graph/tests/test_topology_gateway_config.py,graph-candidate,graph-only excluded,"New graph schema, lifecycle fencing, extraction, topology, evaluation or UI integration; no independent runtime change identified."
aquillm/lib/knowledge_graph/tests/test_worker_runtime.py,graph-candidate,graph-only excluded,"New graph schema, lifecycle fencing, extraction, topology, evaluation or UI integration; no independent runtime change identified."
aquillm/lib/knowledge_graph/topology_gateway_config.py,graph-candidate,graph-only excluded,"New graph schema, lifecycle fencing, extraction, topology, evaluation or UI integration; no independent runtime change identified."
aquillm/lib/knowledge_graph/topology_gateway_limits.py,graph-candidate,graph-only excluded,"New graph schema, lifecycle fencing, extraction, topology, evaluation or UI integration; no independent runtime change identified."
aquillm/lib/knowledge_graph/type_names.py,graph-candidate,graph-only excluded,"New graph schema, lifecycle fencing, extraction, topology, evaluation or UI integration; no independent runtime change identified."
aquillm/lib/knowledge_graph/types.py,graph-candidate,graph-only excluded,"New graph schema, lifecycle fencing, extraction, topology, evaluation or UI integration; no independent runtime change identified."
aquillm/lib/llm/optimizations/lm_lingua2_adapter.py,chat,ported,Development implementation/test imported; no graph dependency.
aquillm/lib/llm/providers/base.py,chat,mixed/adapted,Structured logging ported; production fresh message_uuid on cached tool-result reuse preserved.
aquillm/lib/llm/providers/complete_turn.py,chat,ported,Development implementation/test imported; no graph dependency.
aquillm/lib/llm/providers/gemini.py,chat,ported,Development implementation/test imported; no graph dependency.
aquillm/lib/llm/providers/rag_citations.py,chat,ported,Development implementation/test imported; no graph dependency.
aquillm/lib/llm/providers/tool_budget.py,chat,ported,Development implementation/test imported; no graph dependency.
aquillm/lib/llm/tests/test_direct_synthesis_grounding.py,chat,ported,Development implementation/test imported; no graph dependency.
aquillm/lib/llm/tests/test_numeric_rag_citations.py,chat,ported,Development implementation/test imported; no graph dependency.
aquillm/lib/llm/tests/test_rag_citations.py,chat,ported,Development implementation/test imported; no graph dependency.
aquillm/lib/llm/tests/test_spin_tool_budget.py,chat,equivalent,Retained main UUID uniqueness regression removed in development.
aquillm/lib/llm/types/messages.py,chat,ported,Development implementation/test imported; no graph dependency.
aquillm/lib/llm/types/tools.py,chat,ported,Development implementation/test imported; no graph dependency.
aquillm/lib/llm/utils/context_packer.py,chat,ported,Development implementation/test imported; no graph dependency.
aquillm/lib/llm/utils/images.py,chat,ported,Development implementation/test imported; no graph dependency.
aquillm/lib/llm/utils/prompt_budget.py,chat,ported,Development implementation/test imported; no graph dependency.
aquillm/lib/memory/config.py,root-review,ported / adapted,Independent development behavior or documentation ported; main-specific reliability and deployment settings preserved.
aquillm/lib/memory/extraction/stable_facts.py,root-review,ported / adapted,Independent development behavior or documentation ported; main-specific reliability and deployment settings preserved.
aquillm/lib/memory/mem0/client.py,root-review,ported / adapted,Independent development behavior or documentation ported; main-specific reliability and deployment settings preserved.
aquillm/lib/memory/mem0/config_builder.py,root-review,ported / adapted,Independent development behavior or documentation ported; main-specific reliability and deployment settings preserved.
aquillm/lib/memory/mem0/memgraph_compat.py,root-review,ported / adapted,Independent development behavior or documentation ported; main-specific reliability and deployment settings preserved.
aquillm/lib/memory/mem0/operations.py,root-review,ported / adapted,Independent development behavior or documentation ported; main-specific reliability and deployment settings preserved.
aquillm/lib/ocr/__init__.py,root-review,ported / adapted,Independent development behavior or documentation ported; main-specific reliability and deployment settings preserved.
aquillm/lib/ocr/image_utils.py,root-review,ported / adapted,Independent development behavior or documentation ported; main-specific reliability and deployment settings preserved.
aquillm/lib/ocr/tesseract.py,root-review,ported / adapted,Independent development behavior or documentation ported; main-specific reliability and deployment settings preserved.
aquillm/lib/retrieval_redaction.py,root-review,ported / adapted,Independent development behavior or documentation ported; main-specific reliability and deployment settings preserved.
aquillm/lib/tools/search/tests/test_vector_search_pack.py,root-review,retained main / graph-only delta,Retained stronger main null-diagnostic regressions; source adds graph diagnostics tests.
aquillm/lib/tools/search/vector_search.py,root-review,retained main / graph-only delta,Source only strips graph diagnostic keys; retained main null-diagnostic hardening.
aquillm/tests/integration/compose_render_test_support.py,root-review,ported / adapted,Independent development behavior or documentation ported; main-specific reliability and deployment settings preserved.
aquillm/tests/integration/task21_compose_test_support.py,root-review,graph-only excluded,"New graph schema, lifecycle fencing, extraction, topology, evaluation or UI integration; no independent runtime change identified."
aquillm/tests/integration/test_compose_multimodal_services.py,deployment,ported / adapted,Independent development behavior or documentation ported; main-specific reliability and deployment settings preserved.
aquillm/tests/integration/test_compose_render_test_support.py,deployment,ported / adapted,Independent development behavior or documentation ported; main-specific reliability and deployment settings preserved.
aquillm/tests/integration/test_context_processors_urls.py,root-review,ported / adapted,Independent development behavior or documentation ported; main-specific reliability and deployment settings preserved.
aquillm/tests/integration/test_dev_launch_script.py,root-review,ported / adapted,Independent development behavior or documentation ported; main-specific reliability and deployment settings preserved.
aquillm/tests/integration/test_knowledge_graph_compose.py,root-review,graph-only excluded,"New graph schema, lifecycle fencing, extraction, topology, evaluation or UI integration; no independent runtime change identified."
aquillm/tests/integration/test_knowledge_graph_import_isolation.py,root-review,graph-only excluded,"New graph schema, lifecycle fencing, extraction, topology, evaluation or UI integration; no independent runtime change identified."
aquillm/tests/integration/test_knowledge_graph_maintenance_compose.py,root-review,graph-only excluded,"New graph schema, lifecycle fencing, extraction, topology, evaluation or UI integration; no independent runtime change identified."
aquillm/tests/integration/test_knowledge_graph_query_extractor_compose.py,graph-candidate,graph-only excluded,"New graph schema, lifecycle fencing, extraction, topology, evaluation or UI integration; no independent runtime change identified."
aquillm/tests/integration/test_knowledge_graph_retrieval_redaction.py,root-review,graph-only excluded,"New graph schema, lifecycle fencing, extraction, topology, evaluation or UI integration; no independent runtime change identified."
aquillm/tests/integration/test_knowledge_graph_topology_gateway_compose.py,graph-candidate,graph-only excluded,"New graph schema, lifecycle fencing, extraction, topology, evaluation or UI integration; no independent runtime change identified."
aquillm/tests/integration/test_production_retrieval_authorization_reachability.py,root-review,retained main / graph-only delta,Graph-enabled authorization integration paths.
aquillm/tests/integration/test_rag_observability_logging.py,root-review,ported / adapted,Independent development behavior or documentation ported; main-specific reliability and deployment settings preserved.
aquillm/tests/integration/test_retrieval_authorization_propagation.py,root-review,retained main / graph-only delta,Graph retrieval authorization propagation tests.
aquillm/tests/integration/test_task21_knowledge_graph_eval_compose.py,root-review,graph-only excluded,"New graph schema, lifecycle fencing, extraction, topology, evaluation or UI integration; no independent runtime change identified."
aquillm/tests/integration/test_task21_knowledge_graph_eval_compose_environment.py,root-review,graph-only excluded,"New graph schema, lifecycle fencing, extraction, topology, evaluation or UI integration; no independent runtime change identified."
aquillm/tests/integration/test_task21_reranker_revision_compose.py,root-review,mixed / adapted,Independent revision/sidecar contracts extracted into test_sidecar_revision_compose.py; graph evaluation overlay case excluded.
aquillm/tests/integration/test_task21_runbook_shell_quoting.py,root-review,graph-only excluded,"New graph schema, lifecycle fencing, extraction, topology, evaluation or UI integration; no independent runtime change identified."
aquillm/tests/integration/test_vllm_extra_args_parser.py,deployment,ported / adapted,Independent development behavior or documentation ported; main-specific reliability and deployment settings preserved.
aquillm/tests/integration/test_vllm_genesis_image.py,deployment,ported / adapted,Independent development behavior or documentation ported; main-specific reliability and deployment settings preserved.
aquillm/tests/integration/test_vllm_transcribe_image.py,deployment,ported / adapted,Independent development behavior or documentation ported; main-specific reliability and deployment settings preserved.
aquillm/tests/test_app_startup.py,root-review,ported / adapted,Independent development behavior or documentation ported; main-specific reliability and deployment settings preserved.
deploy/compose/base.yml,deployment,ported / adapted,Independent development behavior or documentation ported; main-specific reliability and deployment settings preserved.
deploy/compose/development.yml,deployment,ported / adapted,Independent development behavior or documentation ported; main-specific reliability and deployment settings preserved.
deploy/compose/knowledge-graph-eval.yml,deployment,graph-only excluded,"New graph schema, lifecycle fencing, extraction, topology, evaluation or UI integration; no independent runtime change identified."
deploy/compose/no_gpu_dev.yml,deployment,ported / adapted,Independent development behavior or documentation ported; main-specific reliability and deployment settings preserved.
deploy/compose/production.yml,deployment,ported / adapted,Independent development behavior or documentation ported; main-specific reliability and deployment settings preserved.
deploy/compose/test.yml,deployment,ported / adapted,Independent development behavior or documentation ported; main-specific reliability and deployment settings preserved.
deploy/docker/knowledge-graph/Dockerfile,deployment,graph-only excluded,"New graph schema, lifecycle fencing, extraction, topology, evaluation or UI integration; no independent runtime change identified."
deploy/docker/vllm/Dockerfile.transcribe,deployment,ported / adapted,Independent development behavior or documentation ported; main-specific reliability and deployment settings preserved.
deploy/docker/vllm/nemotron_generation_config/generation_config.json,deployment,ported / adapted,Independent development behavior or documentation ported; main-specific reliability and deployment settings preserved.
deploy/docker/vllm/probe_nemotron_plugin.py,deployment,ported / adapted,Independent development behavior or documentation ported; main-specific reliability and deployment settings preserved.
deploy/scripts/start_dev.sh,deployment,retained main / graph-only delta,Source adds only graph service startup; independent existing startup sequence retained and tested.
deploy/scripts/vllm_start.sh,deployment,ported / adapted,Independent development behavior or documentation ported; main-specific reliability and deployment settings preserved.
deploy/vllm_plugins/nemotron_asr/pyproject.toml,deployment,ported / adapted,Independent development behavior or documentation ported; main-specific reliability and deployment settings preserved.
deploy/vllm_plugins/nemotron_asr/src/aquillm_vllm_nemotron_asr/__init__.py,deployment,ported / adapted,Independent development behavior or documentation ported; main-specific reliability and deployment settings preserved.
deploy/vllm_plugins/nemotron_asr/src/aquillm_vllm_nemotron_asr/compat.py,deployment,ported / adapted,Independent development behavior or documentation ported; main-specific reliability and deployment settings preserved.
deploy/vllm_plugins/nemotron_asr/src/aquillm_vllm_nemotron_asr/constants.py,deployment,ported / adapted,Independent development behavior or documentation ported; main-specific reliability and deployment settings preserved.
deploy/vllm_plugins/nemotron_asr/src/aquillm_vllm_nemotron_asr/decoding.py,deployment,ported / adapted,Independent development behavior or documentation ported; main-specific reliability and deployment settings preserved.
deploy/vllm_plugins/nemotron_asr/src/aquillm_vllm_nemotron_asr/languages.py,deployment,ported / adapted,Independent development behavior or documentation ported; main-specific reliability and deployment settings preserved.
deploy/vllm_plugins/nemotron_asr/src/aquillm_vllm_nemotron_asr/model.py,deployment,ported / adapted,Independent development behavior or documentation ported; main-specific reliability and deployment settings preserved.
deploy/vllm_plugins/nemotron_asr/src/aquillm_vllm_nemotron_asr/processing.py,deployment,ported / adapted,Independent development behavior or documentation ported; main-specific reliability and deployment settings preserved.
deploy/vllm_plugins/nemotron_asr/src/aquillm_vllm_nemotron_asr/state.py,deployment,ported / adapted,Independent development behavior or documentation ported; main-specific reliability and deployment settings preserved.
deploy/vllm_plugins/nemotron_asr/src/aquillm_vllm_nemotron_asr/validation.py,deployment,ported / adapted,Independent development behavior or documentation ported; main-specific reliability and deployment settings preserved.
deploy/vllm_plugins/nemotron_asr/tests/conftest.py,deployment,ported / adapted,Independent development behavior or documentation ported; main-specific reliability and deployment settings preserved.
deploy/vllm_plugins/nemotron_asr/tests/test_compat.py,deployment,ported / adapted,Independent development behavior or documentation ported; main-specific reliability and deployment settings preserved.
deploy/vllm_plugins/nemotron_asr/tests/test_decoding.py,deployment,ported / adapted,Independent development behavior or documentation ported; main-specific reliability and deployment settings preserved.
deploy/vllm_plugins/nemotron_asr/tests/test_engine_lifecycle.py,deployment,ported / adapted,Independent development behavior or documentation ported; main-specific reliability and deployment settings preserved.
deploy/vllm_plugins/nemotron_asr/tests/test_languages.py,deployment,ported / adapted,Independent development behavior or documentation ported; main-specific reliability and deployment settings preserved.
deploy/vllm_plugins/nemotron_asr/tests/test_max_emission_boundary.py,deployment,ported / adapted,Independent development behavior or documentation ported; main-specific reliability and deployment settings preserved.
deploy/vllm_plugins/nemotron_asr/tests/test_model.py,deployment,ported / adapted,Independent development behavior or documentation ported; main-specific reliability and deployment settings preserved.
deploy/vllm_plugins/nemotron_asr/tests/test_processing.py,deployment,ported / adapted,Independent development behavior or documentation ported; main-specific reliability and deployment settings preserved.
deploy/vllm_plugins/nemotron_asr/tests/test_protocol.py,deployment,ported / adapted,Independent development behavior or documentation ported; main-specific reliability and deployment settings preserved.
deploy/vllm_plugins/nemotron_asr/tests/test_registration.py,deployment,ported / adapted,Independent development behavior or documentation ported; main-specific reliability and deployment settings preserved.
deploy/vllm_plugins/nemotron_asr/tests/test_state.py,deployment,ported / adapted,Independent development behavior or documentation ported; main-specific reliability and deployment settings preserved.
deploy/vllm_plugins/nemotron_asr/tests/test_transformers_parity.py,deployment,ported / adapted,Independent development behavior or documentation ported; main-specific reliability and deployment settings preserved.
deploy/vllm_plugins/nemotron_asr/tests/test_validation.py,deployment,ported / adapted,Independent development behavior or documentation ported; main-specific reliability and deployment settings preserved.
deploy/vllm_plugins/nemotron_asr/tests/test_weight_loading.py,deployment,ported / adapted,Independent development behavior or documentation ported; main-specific reliability and deployment settings preserved.
docs/audits/2026-09-21-knowledge-graph/bulk-upload-repair.md,docs,graph-only excluded,"New graph schema, lifecycle fencing, extraction, topology, evaluation or UI integration; no independent runtime change identified."
docs/audits/2026-09-21-knowledge-graph/extraction_probes.py,docs,graph-only excluded,"New graph schema, lifecycle fencing, extraction, topology, evaluation or UI integration; no independent runtime change identified."
docs/audits/2026-09-21-knowledge-graph/query_probes.py,docs,graph-only excluded,"New graph schema, lifecycle fencing, extraction, topology, evaluation or UI integration; no independent runtime change identified."
docs/audits/2026-09-21-knowledge-graph/remediation.md,docs,graph-only excluded,"New graph schema, lifecycle fencing, extraction, topology, evaluation or UI integration; no independent runtime change identified."
docs/audits/2026-09-21-knowledge-graph/report.md,docs,graph-only excluded,"New graph schema, lifecycle fencing, extraction, topology, evaluation or UI integration; no independent runtime change identified."
docs/audits/2026-09-21-knowledge-graph/schema_probes.py,docs,graph-only excluded,"New graph schema, lifecycle fencing, extraction, topology, evaluation or UI integration; no independent runtime change identified."
docs/audits/2026-09-21-knowledge-graph/test_projection_audit_probes.py,docs,graph-only excluded,"New graph schema, lifecycle fencing, extraction, topology, evaluation or UI integration; no independent runtime change identified."
docs/audits/2026-09-22-cross-document-acceptance-cases.md,docs,ported / adapted,Independent development behavior or documentation ported; main-specific reliability and deployment settings preserved.
docs/backports/2026-09-14-tool-calling.md,docs,retained main,"Main-only reliability code, tests or rollout documentation preserved."
docs/documents/README.md,docs,retained main / graph-only delta,Only added graph runbook entry and date.
docs/documents/architecture/2026-04-09-knowledge-graph-index-overlay-design.md,docs,graph-only excluded,"New graph schema, lifecycle fencing, extraction, topology, evaluation or UI integration; no independent runtime change identified."
docs/documents/operations/gcp-secret-manager-runbook.md,docs,ported / adapted,Independent development behavior or documentation ported; main-specific reliability and deployment settings preserved.
docs/documents/operations/knowledge-graph-overlay-runbook.md,docs,graph-only excluded,"New graph schema, lifecycle fencing, extraction, topology, evaluation or UI integration; no independent runtime change identified."
docs/documents/standards/code-style-guide.md,docs,ported / adapted,Independent development behavior or documentation ported; main-specific reliability and deployment settings preserved.
docs/operations/knowledge-graph-development-readiness.md,docs,graph-only excluded,"New graph schema, lifecycle fencing, extraction, topology, evaluation or UI integration; no independent runtime change identified."
docs/operations/nemotron-asr-rtx3090-verification.md,docs,ported / adapted,Independent development behavior or documentation ported; main-specific reliability and deployment settings preserved.
docs/operations/production-reliability-rollout.md,docs,retained main,"Main-only reliability code, tests or rollout documentation preserved."
docs/roadmap/plans/pending/2026-03-30-whisperx-transcription-implementation.md,docs,ported / adapted,Independent development behavior or documentation ported; main-specific reliability and deployment settings preserved.
docs/roadmap/roadmap-status.md,docs,ported / adapted,Independent development behavior or documentation ported; main-specific reliability and deployment settings preserved.
docs/specs/2026-03-30-whisperx-transcription-design.md,docs,ported / adapted,Independent development behavior or documentation ported; main-specific reliability and deployment settings preserved.
docs/superpowers/contracts/collection-schema-api.md,graph-candidate,graph-only excluded,"New graph schema, lifecycle fencing, extraction, topology, evaluation or UI integration; no independent runtime change identified."
docs/superpowers/plans/2026-07-18-pdf-citation-performance.md,docs,reference documentation,Source design/plan retained as history; unfinished plan items are not claimed as implemented features.
docs/superpowers/plans/2026-07-21-nemotron-vllm-asr-plugin.md,docs,reference documentation,Source design/plan retained as history; unfinished plan items are not claimed as implemented features.
docs/superpowers/plans/2026-08-04-large-document-ingestion-memory.md,docs,reference documentation,Source design/plan retained as history; unfinished plan items are not claimed as implemented features.
docs/superpowers/plans/2026-08-17-gliner2-knowledge-graph-hybrid-retrieval.md,docs,graph-only excluded,"New graph schema, lifecycle fencing, extraction, topology, evaluation or UI integration; no independent runtime change identified."
docs/superpowers/plans/2026-08-20-collection-graph-memgraph-hybrid.md,docs,graph-only excluded,"New graph schema, lifecycle fencing, extraction, topology, evaluation or UI integration; no independent runtime change identified."
docs/superpowers/plans/2026-08-20-community-memgraph-query-gateway.md,docs,graph-only excluded,"New graph schema, lifecycle fencing, extraction, topology, evaluation or UI integration; no independent runtime change identified."
docs/superpowers/plans/2026-08-21-backend-smoke-compose-hermetic-tests.md,docs,reference documentation,Source design/plan retained as history; unfinished plan items are not claimed as implemented features.
docs/superpowers/plans/2026-08-21-collection-schema-editor-ui.md,docs,graph-only excluded,"New graph schema, lifecycle fencing, extraction, topology, evaluation or UI integration; no independent runtime change identified."
docs/superpowers/plans/2026-08-24-collection-schema-autogeneration.md,docs,graph-only excluded,"New graph schema, lifecycle fencing, extraction, topology, evaluation or UI integration; no independent runtime change identified."
docs/superpowers/plans/2026-08-25-chat-retrieval-hardening.md,docs,reference documentation,Source design/plan retained as history; unfinished plan items are not claimed as implemented features.
docs/superpowers/plans/2026-08-26-collection-graph-visualization.md,docs,graph-only excluded,"New graph schema, lifecycle fencing, extraction, topology, evaluation or UI integration; no independent runtime change identified."
docs/superpowers/plans/2026-09-22-knowledge-graph-audit-remediation.md,docs,graph-only excluded,"New graph schema, lifecycle fencing, extraction, topology, evaluation or UI integration; no independent runtime change identified."
docs/superpowers/plans/2026-09-22-knowledge-graph-bulk-upload-repair.md,docs,graph-only excluded,"New graph schema, lifecycle fencing, extraction, topology, evaluation or UI integration; no independent runtime change identified."
docs/superpowers/plans/2026-09-22-production-reliability-backport.md,docs,retained main,"Main-only reliability code, tests or rollout documentation preserved."
docs/superpowers/specs/2026-07-18-pdf-citation-performance-design.md,docs,reference documentation,Source design/plan retained as history; unfinished plan items are not claimed as implemented features.
docs/superpowers/specs/2026-07-21-nemotron-vllm-asr-plugin-design.md,docs,reference documentation,Source design/plan retained as history; unfinished plan items are not claimed as implemented features.
docs/superpowers/specs/2026-08-04-large-document-ingestion-memory-design.md,docs,reference documentation,Source design/plan retained as history; unfinished plan items are not claimed as implemented features.
docs/superpowers/specs/2026-08-20-collection-graph-memgraph-hybrid-design.md,docs,graph-only excluded,"New graph schema, lifecycle fencing, extraction, topology, evaluation or UI integration; no independent runtime change identified."
docs/superpowers/specs/2026-08-21-collection-schema-editor-ui-design.md,docs,graph-only excluded,"New graph schema, lifecycle fencing, extraction, topology, evaluation or UI integration; no independent runtime change identified."
docs/superpowers/specs/2026-08-24-collection-schema-autogeneration-design.md,docs,graph-only excluded,"New graph schema, lifecycle fencing, extraction, topology, evaluation or UI integration; no independent runtime change identified."
docs/superpowers/specs/2026-08-25-chat-retrieval-hardening.md,docs,reference documentation,Source design/plan retained as history; unfinished plan items are not claimed as implemented features.
docs/superpowers/specs/2026-08-26-collection-graph-visualization-design.md,docs,graph-only excluded,"New graph schema, lifecycle fencing, extraction, topology, evaluation or UI integration; no independent runtime change identified."
pyproject.toml,root-review,ported / adapted,Independent development behavior or documentation ported; main-specific reliability and deployment settings preserved.
pytest.ini,root-review,ported / adapted,Independent development behavior or documentation ported; main-specific reliability and deployment settings preserved.
react/package-lock.json,root-review,retained main / graph-only delta,Source adds Cytoscape and older unrelated package versions; main newer lock retained.
react/package.json,root-review,ported / adapted,Independent development behavior or documentation ported; main-specific reliability and deployment settings preserved.
react/playwright.schema-editor.config.js,root-review,graph-only excluded,"New graph schema, lifecycle fencing, extraction, topology, evaluation or UI integration; no independent runtime change identified."
react/src/features/chat/components/Chat.test.tsx,documents,equivalent / stronger main retained,"Production hardening retained: shared query budget, complete finite score checks, stable ties, cached endpoint validation/routing, or terminal-error recovery. Config retains tested main 900-char/96-token reserve defaults; source metadata accessors support graph evaluation only."
react/src/features/chat/components/Chat.tsx,documents,equivalent / stronger main retained,"Production hardening retained: shared query budget, complete finite score checks, stable ties, cached endpoint validation/routing, or terminal-error recovery. Config retains tested main 900-char/96-token reserve defaults; source metadata accessors support graph evaluation only."
react/src/features/chat/components/CitationModalProvider.test.tsx,documents,ported,Independent source feature or regression imported.
react/src/features/chat/components/CitationModalProvider.tsx,documents,ported,Independent source feature or regression imported.
react/src/features/chat/components/CitationPinButton.tsx,documents,ported,Independent source feature or regression imported.
react/src/features/chat/components/CitationUnavailable.tsx,documents,ported,Independent source feature or regression imported.
react/src/features/chat/components/ImageCitationModal.tsx,documents,ported,Independent source feature or regression imported.
react/src/features/chat/components/MessageBubble.tsx,documents,ported,Independent source feature or regression imported.
react/src/features/chat/components/MessageSources.test.tsx,documents,ported,Independent source feature or regression imported.
react/src/features/chat/components/MessageSources.tsx,documents,ported,Independent source feature or regression imported.
react/src/features/chat/components/PDFCitationModal.test.tsx,documents,ported,Independent source feature or regression imported.
react/src/features/chat/components/PDFCitationModal.tsx,documents,ported,Independent source feature or regression imported.
react/src/features/chat/components/TextCitationModal.tsx,documents,ported,Independent source feature or regression imported.
react/src/features/chat/components/VirtualizedPdfPages.test.tsx,documents,ported,Independent source feature or regression imported.
react/src/features/chat/components/VirtualizedPdfPages.tsx,documents,ported,Independent source feature or regression imported.
react/src/features/chat/components/citationTypes.ts,documents,ported,Independent source feature or regression imported.
react/src/features/chat/components/pdfPageExtraction.test.ts,documents,ported,Independent source feature or regression imported.
react/src/features/chat/components/pdfPageExtraction.ts,documents,ported,Independent source feature or regression imported.
react/src/features/chat/components/pdfPageWindow.test.ts,documents,ported,Independent source feature or regression imported.
react/src/features/chat/components/pdfPageWindow.ts,documents,ported,Independent source feature or regression imported.
react/src/features/chat/hooks/useChatWebSocket.test.tsx,documents,equivalent / stronger main retained,"Production hardening retained: shared query budget, complete finite score checks, stable ties, cached endpoint validation/routing, or terminal-error recovery. Config retains tested main 900-char/96-token reserve defaults; source metadata accessors support graph evaluation only."
react/src/features/chat/hooks/useChatWebSocket.ts,documents,equivalent / stronger main retained,"Production hardening retained: shared query budget, complete finite score checks, stable ties, cached endpoint validation/routing, or terminal-error recovery. Config retains tested main 900-char/96-token reserve defaults; source metadata accessors support graph evaluation only."
react/src/features/collections/components/CollectionFilesWorkspace.tsx,root-review,graph refactor excluded / behavior adapted,Schema/graph navigation and component split omitted; independent stale collection/permission state resets adapted into current CollectionView.
react/src/features/collections/components/CollectionModeNav.test.tsx,root-review,graph refactor excluded / behavior adapted,Schema/graph navigation and component split omitted; independent stale collection/permission state resets adapted into current CollectionView.
react/src/features/collections/components/CollectionModeNav.tsx,root-review,graph refactor excluded / behavior adapted,Schema/graph navigation and component split omitted; independent stale collection/permission state resets adapted into current CollectionView.
react/src/features/collections/components/CollectionSchemaNavigationGuard.test.tsx,graph-candidate,graph-only excluded,"New graph schema, lifecycle fencing, extraction, topology, evaluation or UI integration; no independent runtime change identified."
react/src/features/collections/components/CollectionSchemaNavigationGuard.tsx,graph-candidate,graph-only excluded,"New graph schema, lifecycle fencing, extraction, topology, evaluation or UI integration; no independent runtime change identified."
react/src/features/collections/components/CollectionView.guard.test.tsx,root-review,graph refactor excluded / behavior adapted,Schema/graph navigation and component split omitted; independent stale collection/permission state resets adapted into current CollectionView.
react/src/features/collections/components/CollectionView.tsx,root-review,ported / adapted,Independent development behavior or documentation ported; main-specific reliability and deployment settings preserved.
react/src/features/collections/components/CollectionViewShell.test.tsx,root-review,graph refactor excluded / behavior adapted,Schema/graph navigation and component split omitted; independent stale collection/permission state resets adapted into current CollectionView.
react/src/features/collections/components/CollectionViewShell.tsx,root-review,graph refactor excluded / behavior adapted,Schema/graph navigation and component split omitted; independent stale collection/permission state resets adapted into current CollectionView.
react/src/features/collections/components/collectionViewGuardedContent.tsx,root-review,graph refactor excluded / behavior adapted,Schema/graph navigation and component split omitted; independent stale collection/permission state resets adapted into current CollectionView.
react/src/features/collections/components/collectionViewTypes.ts,root-review,graph refactor excluded / behavior adapted,Schema/graph navigation and component split omitted; independent stale collection/permission state resets adapted into current CollectionView.
react/src/features/collections/components/useCollectionViewData.test.tsx,root-review,graph refactor excluded / behavior adapted,Schema/graph navigation and component split omitted; independent stale collection/permission state resets adapted into current CollectionView.
react/src/features/collections/components/useCollectionViewData.ts,root-review,graph refactor excluded / behavior adapted,Schema/graph navigation and component split omitted; independent stale collection/permission state resets adapted into current CollectionView.
react/src/features/collections/knowledgeGraph/CollectionKnowledgeGraphWorkspace.entity.test.tsx,graph-candidate,graph-only excluded,"New graph schema, lifecycle fencing, extraction, topology, evaluation or UI integration; no independent runtime change identified."
react/src/features/collections/knowledgeGraph/CollectionKnowledgeGraphWorkspace.history.test.tsx,graph-candidate,graph-only excluded,"New graph schema, lifecycle fencing, extraction, topology, evaluation or UI integration; no independent runtime change identified."
react/src/features/collections/knowledgeGraph/CollectionKnowledgeGraphWorkspace.lifecycle.test.tsx,graph-candidate,graph-only excluded,"New graph schema, lifecycle fencing, extraction, topology, evaluation or UI integration; no independent runtime change identified."
react/src/features/collections/knowledgeGraph/CollectionKnowledgeGraphWorkspace.relation.test.tsx,graph-candidate,graph-only excluded,"New graph schema, lifecycle fencing, extraction, topology, evaluation or UI integration; no independent runtime change identified."
react/src/features/collections/knowledgeGraph/CollectionKnowledgeGraphWorkspace.state.test.tsx,graph-candidate,graph-only excluded,"New graph schema, lifecycle fencing, extraction, topology, evaluation or UI integration; no independent runtime change identified."
react/src/features/collections/knowledgeGraph/CollectionKnowledgeGraphWorkspace.tsx,graph-candidate,graph-only excluded,"New graph schema, lifecycle fencing, extraction, topology, evaluation or UI integration; no independent runtime change identified."
react/src/features/collections/knowledgeGraph/CollectionKnowledgeGraphWorkspaceDialogs.tsx,graph-candidate,graph-only excluded,"New graph schema, lifecycle fencing, extraction, topology, evaluation or UI integration; no independent runtime change identified."
react/src/features/collections/knowledgeGraph/CollectionSchemaNavigation.tsx,graph-candidate,graph-only excluded,"New graph schema, lifecycle fencing, extraction, topology, evaluation or UI integration; no independent runtime change identified."
react/src/features/collections/knowledgeGraph/EntityTypeEditor.test.tsx,graph-candidate,graph-only excluded,"New graph schema, lifecycle fencing, extraction, topology, evaluation or UI integration; no independent runtime change identified."
react/src/features/collections/knowledgeGraph/EntityTypeEditor.tsx,graph-candidate,graph-only excluded,"New graph schema, lifecycle fencing, extraction, topology, evaluation or UI integration; no independent runtime change identified."
react/src/features/collections/knowledgeGraph/RelationTypeEditor.test.tsx,graph-candidate,graph-only excluded,"New graph schema, lifecycle fencing, extraction, topology, evaluation or UI integration; no independent runtime change identified."
react/src/features/collections/knowledgeGraph/RelationTypeEditor.tsx,graph-candidate,graph-only excluded,"New graph schema, lifecycle fencing, extraction, topology, evaluation or UI integration; no independent runtime change identified."
react/src/features/collections/knowledgeGraph/SchemaConflictDialog.test.tsx,graph-candidate,graph-only excluded,"New graph schema, lifecycle fencing, extraction, topology, evaluation or UI integration; no independent runtime change identified."
react/src/features/collections/knowledgeGraph/SchemaConflictDialog.tsx,graph-candidate,graph-only excluded,"New graph schema, lifecycle fencing, extraction, topology, evaluation or UI integration; no independent runtime change identified."
react/src/features/collections/knowledgeGraph/SchemaDiffDialog.test.tsx,graph-candidate,graph-only excluded,"New graph schema, lifecycle fencing, extraction, topology, evaluation or UI integration; no independent runtime change identified."
react/src/features/collections/knowledgeGraph/SchemaDiffDialog.tsx,graph-candidate,graph-only excluded,"New graph schema, lifecycle fencing, extraction, topology, evaluation or UI integration; no independent runtime change identified."
react/src/features/collections/knowledgeGraph/SchemaDraftToolbar.test.tsx,graph-candidate,graph-only excluded,"New graph schema, lifecycle fencing, extraction, topology, evaluation or UI integration; no independent runtime change identified."
react/src/features/collections/knowledgeGraph/SchemaDraftToolbar.tsx,graph-candidate,graph-only excluded,"New graph schema, lifecycle fencing, extraction, topology, evaluation or UI integration; no independent runtime change identified."
react/src/features/collections/knowledgeGraph/SchemaEntityTypePicker.tsx,graph-candidate,graph-only excluded,"New graph schema, lifecycle fencing, extraction, topology, evaluation or UI integration; no independent runtime change identified."
react/src/features/collections/knowledgeGraph/SchemaFieldErrorSummary.tsx,graph-candidate,graph-only excluded,"New graph schema, lifecycle fencing, extraction, topology, evaluation or UI integration; no independent runtime change identified."
react/src/features/collections/knowledgeGraph/SchemaHistoryPanel.test.tsx,graph-candidate,graph-only excluded,"New graph schema, lifecycle fencing, extraction, topology, evaluation or UI integration; no independent runtime change identified."
react/src/features/collections/knowledgeGraph/SchemaHistoryPanel.tsx,graph-candidate,graph-only excluded,"New graph schema, lifecycle fencing, extraction, topology, evaluation or UI integration; no independent runtime change identified."
react/src/features/collections/knowledgeGraph/SchemaModalShell.tsx,graph-candidate,graph-only excluded,"New graph schema, lifecycle fencing, extraction, topology, evaluation or UI integration; no independent runtime change identified."
react/src/features/collections/knowledgeGraph/SchemaPublishDialog.test.tsx,graph-candidate,graph-only excluded,"New graph schema, lifecycle fencing, extraction, topology, evaluation or UI integration; no independent runtime change identified."
react/src/features/collections/knowledgeGraph/SchemaPublishDialog.tsx,graph-candidate,graph-only excluded,"New graph schema, lifecycle fencing, extraction, topology, evaluation or UI integration; no independent runtime change identified."
react/src/features/collections/knowledgeGraph/SchemaRestoreDialog.tsx,graph-candidate,graph-only excluded,"New graph schema, lifecycle fencing, extraction, topology, evaluation or UI integration; no independent runtime change identified."
react/src/features/collections/knowledgeGraph/SchemaValidationPanel.test.tsx,graph-candidate,graph-only excluded,"New graph schema, lifecycle fencing, extraction, topology, evaluation or UI integration; no independent runtime change identified."
react/src/features/collections/knowledgeGraph/SchemaValidationPanel.tsx,graph-candidate,graph-only excluded,"New graph schema, lifecycle fencing, extraction, topology, evaluation or UI integration; no independent runtime change identified."
react/src/features/collections/knowledgeGraph/collectionSchemaApi.test.ts,graph-candidate,graph-only excluded,"New graph schema, lifecycle fencing, extraction, topology, evaluation or UI integration; no independent runtime change identified."
react/src/features/collections/knowledgeGraph/collectionSchemaApi.ts,graph-candidate,graph-only excluded,"New graph schema, lifecycle fencing, extraction, topology, evaluation or UI integration; no independent runtime change identified."
react/src/features/collections/knowledgeGraph/collectionSchemaEditorHelpers.ts,graph-candidate,graph-only excluded,"New graph schema, lifecycle fencing, extraction, topology, evaluation or UI integration; no independent runtime change identified."
react/src/features/collections/knowledgeGraph/collectionSchemaHttp.test.ts,graph-candidate,graph-only excluded,"New graph schema, lifecycle fencing, extraction, topology, evaluation or UI integration; no independent runtime change identified."
react/src/features/collections/knowledgeGraph/collectionSchemaHttp.ts,graph-candidate,graph-only excluded,"New graph schema, lifecycle fencing, extraction, topology, evaluation or UI integration; no independent runtime change identified."
react/src/features/collections/knowledgeGraph/collectionSchemaReducer.test.ts,graph-candidate,graph-only excluded,"New graph schema, lifecycle fencing, extraction, topology, evaluation or UI integration; no independent runtime change identified."
react/src/features/collections/knowledgeGraph/collectionSchemaReducer.ts,graph-candidate,graph-only excluded,"New graph schema, lifecycle fencing, extraction, topology, evaluation or UI integration; no independent runtime change identified."
react/src/features/collections/knowledgeGraph/collectionSchemaWorkspaceHelpers.ts,graph-candidate,graph-only excluded,"New graph schema, lifecycle fencing, extraction, topology, evaluation or UI integration; no independent runtime change identified."
react/src/features/collections/knowledgeGraph/schemaApiRoutes.test.ts,graph-candidate,graph-only excluded,"New graph schema, lifecycle fencing, extraction, topology, evaluation or UI integration; no independent runtime change identified."
react/src/features/collections/knowledgeGraph/schemaApiRoutes.ts,graph-candidate,graph-only excluded,"New graph schema, lifecycle fencing, extraction, topology, evaluation or UI integration; no independent runtime change identified."
react/src/features/collections/knowledgeGraph/schemaFieldValidation.test.ts,graph-candidate,graph-only excluded,"New graph schema, lifecycle fencing, extraction, topology, evaluation or UI integration; no independent runtime change identified."
react/src/features/collections/knowledgeGraph/schemaFieldValidation.ts,graph-candidate,graph-only excluded,"New graph schema, lifecycle fencing, extraction, topology, evaluation or UI integration; no independent runtime change identified."
react/src/features/collections/knowledgeGraph/schemaFormBuffer.test.ts,graph-candidate,graph-only excluded,"New graph schema, lifecycle fencing, extraction, topology, evaluation or UI integration; no independent runtime change identified."
react/src/features/collections/knowledgeGraph/schemaFormBuffer.ts,graph-candidate,graph-only excluded,"New graph schema, lifecycle fencing, extraction, topology, evaluation or UI integration; no independent runtime change identified."
react/src/features/collections/knowledgeGraph/schemaGenerationEligibility.ts,graph-candidate,graph-only excluded,"New graph schema, lifecycle fencing, extraction, topology, evaluation or UI integration; no independent runtime change identified."
react/src/features/collections/knowledgeGraph/schemaGenerationPolling.test.ts,graph-candidate,graph-only excluded,"New graph schema, lifecycle fencing, extraction, topology, evaluation or UI integration; no independent runtime change identified."
react/src/features/collections/knowledgeGraph/schemaGenerationPolling.ts,graph-candidate,graph-only excluded,"New graph schema, lifecycle fencing, extraction, topology, evaluation or UI integration; no independent runtime change identified."
react/src/features/collections/knowledgeGraph/schemaPublishPolling.test.ts,graph-candidate,graph-only excluded,"New graph schema, lifecycle fencing, extraction, topology, evaluation or UI integration; no independent runtime change identified."
react/src/features/collections/knowledgeGraph/schemaPublishPolling.ts,graph-candidate,graph-only excluded,"New graph schema, lifecycle fencing, extraction, topology, evaluation or UI integration; no independent runtime change identified."
react/src/features/collections/knowledgeGraph/schemaTestFixtures.ts,graph-candidate,graph-only excluded,"New graph schema, lifecycle fencing, extraction, topology, evaluation or UI integration; no independent runtime change identified."
react/src/features/collections/knowledgeGraph/schemaTypes.ts,graph-candidate,graph-only excluded,"New graph schema, lifecycle fencing, extraction, topology, evaluation or UI integration; no independent runtime change identified."
react/src/features/collections/knowledgeGraph/schemaUiShared.ts,graph-candidate,graph-only excluded,"New graph schema, lifecycle fencing, extraction, topology, evaluation or UI integration; no independent runtime change identified."
react/src/features/collections/knowledgeGraph/useCollectionSchemaConflict.test.tsx,graph-candidate,graph-only excluded,"New graph schema, lifecycle fencing, extraction, topology, evaluation or UI integration; no independent runtime change identified."
react/src/features/collections/knowledgeGraph/useCollectionSchemaEditor.test.tsx,graph-candidate,graph-only excluded,"New graph schema, lifecycle fencing, extraction, topology, evaluation or UI integration; no independent runtime change identified."
react/src/features/collections/knowledgeGraph/useCollectionSchemaEditor.ts,graph-candidate,graph-only excluded,"New graph schema, lifecycle fencing, extraction, topology, evaluation or UI integration; no independent runtime change identified."
react/src/features/collections/knowledgeGraph/useCollectionSchemaPublishing.test.tsx,graph-candidate,graph-only excluded,"New graph schema, lifecycle fencing, extraction, topology, evaluation or UI integration; no independent runtime change identified."
react/src/features/collections/visualization/CollectionGraphCanvas.tsx,graph-candidate,graph-only excluded,"New graph schema, lifecycle fencing, extraction, topology, evaluation or UI integration; no independent runtime change identified."
react/src/features/collections/visualization/CollectionGraphVisualization.test.tsx,graph-candidate,graph-only excluded,"New graph schema, lifecycle fencing, extraction, topology, evaluation or UI integration; no independent runtime change identified."
react/src/features/collections/visualization/CollectionGraphVisualization.tsx,graph-candidate,graph-only excluded,"New graph schema, lifecycle fencing, extraction, topology, evaluation or UI integration; no independent runtime change identified."
react/src/features/collections/visualization/collectionGraphApi.test.ts,graph-candidate,graph-only excluded,"New graph schema, lifecycle fencing, extraction, topology, evaluation or UI integration; no independent runtime change identified."
react/src/features/collections/visualization/collectionGraphApi.ts,graph-candidate,graph-only excluded,"New graph schema, lifecycle fencing, extraction, topology, evaluation or UI integration; no independent runtime change identified."
react/src/features/collections/visualization/collectionGraphTypes.ts,graph-candidate,graph-only excluded,"New graph schema, lifecycle fencing, extraction, topology, evaluation or UI integration; no independent runtime change identified."
react/src/features/collections/visualization/schemaGraphMapper.test.ts,graph-candidate,graph-only excluded,"New graph schema, lifecycle fencing, extraction, topology, evaluation or UI integration; no independent runtime change identified."
react/src/features/collections/visualization/schemaGraphMapper.ts,graph-candidate,graph-only excluded,"New graph schema, lifecycle fencing, extraction, topology, evaluation or UI integration; no independent runtime change identified."
react/src/testHarnesses/collectionSchemaEditorHarness.tsx,root-review,graph-only excluded,"New graph schema, lifecycle fencing, extraction, topology, evaluation or UI integration; no independent runtime change identified."
react/src/types/index.ts,documents,graph-only excluded / equivalent baseline,"Graph overlay, provenance, lifecycle locking, scope, fusion or schema types excluded. Baseline lexical/vector selection already equivalent; lazy-vector failure fallback and privacy diagnostics independently ported to chunk_search. Independent chunk lifecycle protection reimplemented without graph references."
react/src/utils/pdfTextMatch.test.ts,documents,ported,Independent source feature or regression imported.
react/src/utils/pdfTextMatch.ts,documents,ported,Independent source feature or regression imported.
react/src/utils/textOffsetMatch.test.ts,documents,ported,Independent source feature or regression imported.
react/src/utils/textOffsetMatch.ts,documents,ported,Independent source feature or regression imported.
react/tests/collection-schema-editor.spec.ts,root-review,graph-only excluded,"New graph schema, lifecycle fencing, extraction, topology, evaluation or UI integration; no independent runtime change identified."
react/tests/fixtures/collection-schema-editor.html,root-review,graph-only excluded,"New graph schema, lifecycle fencing, extraction, topology, evaluation or UI integration; no independent runtime change identified."
react/vite.schema-editor.config.ts,root-review,graph-only excluded,"New graph schema, lifecycle fencing, extraction, topology, evaluation or UI integration; no independent runtime change identified."
react/vitest.config.ts,root-review,ported / adapted,Independent development behavior or documentation ported; main-specific reliability and deployment settings preserved.
requirements.txt,root-review,retained main / graph-only delta,Only source dependency addition is graph-specific Neo4j.
scripts/check_file_lengths.py,root-review,mixed / adapted,"Retained scanner behavior and 300-line default; exact maxima refreshed for reviewed main/upstream backport hotspots, no graph-specific entries."
scripts/check_logging_conventions.py,root-review,ported / adapted,Independent development behavior or documentation ported; main-specific reliability and deployment settings preserved.
scripts/check_retrieval_logging.py,root-review,ported / adapted,Independent development behavior or documentation ported; main-specific reliability and deployment settings preserved.
scripts/run_task21_hybrid_cloud_eval.sh,graph-candidate,graph-only excluded,"New graph schema, lifecycle fencing, extraction, topology, evaluation or UI integration; no independent runtime change identified."
scripts/task21_hybrid_evidence_artifacts.py,graph-candidate,graph-only excluded,"New graph schema, lifecycle fencing, extraction, topology, evaluation or UI integration; no independent runtime change identified."
scripts/task21_hybrid_evidence_cli.py,graph-candidate,graph-only excluded,"New graph schema, lifecycle fencing, extraction, topology, evaluation or UI integration; no independent runtime change identified."
scripts/task21_hybrid_evidence_publish.py,graph-candidate,graph-only excluded,"New graph schema, lifecycle fencing, extraction, topology, evaluation or UI integration; no independent runtime change identified."
scripts/task21_hybrid_failure_bundle.py,graph-candidate,graph-only excluded,"New graph schema, lifecycle fencing, extraction, topology, evaluation or UI integration; no independent runtime change identified."
scripts/task21_hybrid_live_trace_artifact.py,graph-candidate,graph-only excluded,"New graph schema, lifecycle fencing, extraction, topology, evaluation or UI integration; no independent runtime change identified."
scripts/task21_hybrid_observation_attestation.py,graph-candidate,graph-only excluded,"New graph schema, lifecycle fencing, extraction, topology, evaluation or UI integration; no independent runtime change identified."
scripts/task21_hybrid_runtime_identity.py,graph-candidate,graph-only excluded,"New graph schema, lifecycle fencing, extraction, topology, evaluation or UI integration; no independent runtime change identified."
scripts/verify_nemotron_asr.ps1,deployment,ported / adapted,Independent development behavior or documentation ported; main-specific reliability and deployment settings preserved.
scripts/verify_task21_hybrid_datastores.py,graph-candidate,graph-only excluded,"New graph schema, lifecycle fencing, extraction, topology, evaluation or UI integration; no independent runtime change identified."
tests/asr/test_nemotron_http_contract.py,deployment,ported / adapted,Independent development behavior or documentation ported; main-specific reliability and deployment settings preserved.
tests/asr/test_nemotron_runtime.py,deployment,ported / adapted,Independent development behavior or documentation ported; main-specific reliability and deployment settings preserved.
tests/fixtures/audio/LICENSE-CC-BY-4.0.txt,root-review,ported / adapted,Independent development behavior or documentation ported; main-specific reliability and deployment settings preserved.
tests/fixtures/audio/README.md,root-review,ported / adapted,Independent development behavior or documentation ported; main-specific reliability and deployment settings preserved.
tests/fixtures/audio/librispeech_1272-128104-0000.flac,root-review,ported / adapted,Independent development behavior or documentation ported; main-specific reliability and deployment settings preserved.
tests/fixtures/audio/librispeech_1272-128104-0000.txt,root-review,ported / adapted,Independent development behavior or documentation ported; main-specific reliability and deployment settings preserved.
tests/fixtures/audio/librispeech_1272-128104-0001.flac,root-review,ported / adapted,Independent development behavior or documentation ported; main-specific reliability and deployment settings preserved.
tests/fixtures/audio/librispeech_1272-128104-0001.txt,root-review,ported / adapted,Independent development behavior or documentation ported; main-specific reliability and deployment settings preserved.
tests/task21_hybrid_live_trace_support.py,graph-candidate,graph-only excluded,"New graph schema, lifecycle fencing, extraction, topology, evaluation or UI integration; no independent runtime change identified."
tests/test_check_logging_conventions.py,root-review,ported / adapted,Independent development behavior or documentation ported; main-specific reliability and deployment settings preserved.
tests/test_check_retrieval_logging.py,root-review,ported / adapted,Independent development behavior or documentation ported; main-specific reliability and deployment settings preserved.
tests/test_knowledge_graph_dependencies.py,root-review,graph-only excluded,"New graph schema, lifecycle fencing, extraction, topology, evaluation or UI integration; no independent runtime change identified."
tests/test_task21_hybrid_artifact_snapshots.py,graph-candidate,graph-only excluded,"New graph schema, lifecycle fencing, extraction, topology, evaluation or UI integration; no independent runtime change identified."
tests/test_task21_hybrid_cloud_evidence.py,graph-candidate,graph-only excluded,"New graph schema, lifecycle fencing, extraction, topology, evaluation or UI integration; no independent runtime change identified."
tests/test_task21_hybrid_cloud_failures.py,graph-candidate,graph-only excluded,"New graph schema, lifecycle fencing, extraction, topology, evaluation or UI integration; no independent runtime change identified."
tests/test_task21_hybrid_live_shell.py,graph-candidate,graph-only excluded,"New graph schema, lifecycle fencing, extraction, topology, evaluation or UI integration; no independent runtime change identified."
tests/test_task21_hybrid_live_trace.py,graph-candidate,graph-only excluded,"New graph schema, lifecycle fencing, extraction, topology, evaluation or UI integration; no independent runtime change identified."
tests/test_verify_task21_hybrid_datastores.py,graph-candidate,graph-only excluded,"New graph schema, lifecycle fencing, extraction, topology, evaluation or UI integration; no independent runtime change identified."
tests/unit/test_nemotron_verification_harness.py,deployment,ported / adapted,Independent development behavior or documentation ported; main-specific reliability and deployment settings preserved.
user-docs/.gitignore,docs,ported / adapted,Independent development behavior or documentation ported; main-specific reliability and deployment settings preserved.
user-docs/docs/Makefile,docs,ported / adapted,Independent development behavior or documentation ported; main-specific reliability and deployment settings preserved.
user-docs/docs/requirements.txt,docs,ported / adapted,Independent development behavior or documentation ported; main-specific reliability and deployment settings preserved.
user-docs/docs/source/_static/AquiLLMLogo.png,docs,ported / adapted,Independent development behavior or documentation ported; main-specific reliability and deployment settings preserved.
user-docs/docs/source/_static/aquila-small-dark.ico,docs,ported / adapted,Independent development behavior or documentation ported; main-specific reliability and deployment settings preserved.
user-docs/docs/source/_static/aquila-small-light.ico,docs,ported / adapted,Independent development behavior or documentation ported; main-specific reliability and deployment settings preserved.
user-docs/docs/source/_static/css/aquillm_custom.css,docs,ported / adapted,Independent development behavior or documentation ported; main-specific reliability and deployment settings preserved.
user-docs/docs/source/_static/images/creatingAccount/home_page.png,docs,ported / adapted,Independent development behavior or documentation ported; main-specific reliability and deployment settings preserved.
user-docs/docs/source/_static/images/creatingAccount/landing_page.png,docs,ported / adapted,Independent development behavior or documentation ported; main-specific reliability and deployment settings preserved.
user-docs/docs/source/_static/images/creatingAccount/login_page.png,docs,ported / adapted,Independent development behavior or documentation ported; main-specific reliability and deployment settings preserved.
user-docs/docs/source/_static/images/creatingCollections/collection_post_upload.png,docs,ported / adapted,Independent development behavior or documentation ported; main-specific reliability and deployment settings preserved.
user-docs/docs/source/_static/images/creatingCollections/collections_full_detail.png,docs,ported / adapted,Independent development behavior or documentation ported; main-specific reliability and deployment settings preserved.
user-docs/docs/source/_static/images/creatingCollections/collections_page.png,docs,ported / adapted,Independent development behavior or documentation ported; main-specific reliability and deployment settings preserved.
user-docs/docs/source/_static/images/creatingCollections/naming_collection.png,docs,ported / adapted,Independent development behavior or documentation ported; main-specific reliability and deployment settings preserved.
user-docs/docs/source/_static/images/creatingCollections/post_creation_collections_page.png,docs,ported / adapted,Independent development behavior or documentation ported; main-specific reliability and deployment settings preserved.
user-docs/docs/source/_static/images/creatingCollections/uploading_files_to_collection.png,docs,ported / adapted,Independent development behavior or documentation ported; main-specific reliability and deployment settings preserved.
user-docs/docs/source/_static/images/ingestionMonitor/ingestion_monitor.png,docs,ported / adapted,Independent development behavior or documentation ported; main-specific reliability and deployment settings preserved.
user-docs/docs/source/_static/images/usingCollections/adding_collections_to_chat.png,docs,ported / adapted,Independent development behavior or documentation ported; main-specific reliability and deployment settings preserved.
user-docs/docs/source/_static/images/usingCollections/ask_about_collection_document.png,docs,ported / adapted,Independent development behavior or documentation ported; main-specific reliability and deployment settings preserved.
user-docs/docs/source/_static/images/usingCollections/home_page.png,docs,ported / adapted,Independent development behavior or documentation ported; main-specific reliability and deployment settings preserved.
user-docs/docs/source/_static/images/usingCollections/tool_call_output.png,docs,ported / adapted,Independent development behavior or documentation ported; main-specific reliability and deployment settings preserved.
user-docs/docs/source/collections/creating.rst,docs,ported / adapted,Independent development behavior or documentation ported; main-specific reliability and deployment settings preserved.
user-docs/docs/source/collections/overview.rst,docs,ported / adapted,Independent development behavior or documentation ported; main-specific reliability and deployment settings preserved.
user-docs/docs/source/collections/sharing.rst,docs,ported / adapted,Independent development behavior or documentation ported; main-specific reliability and deployment settings preserved.
user-docs/docs/source/collections/tracking.rst,docs,ported / adapted,Independent development behavior or documentation ported; main-specific reliability and deployment settings preserved.
user-docs/docs/source/collections/using.rst,docs,ported / adapted,Independent development behavior or documentation ported; main-specific reliability and deployment settings preserved.
user-docs/docs/source/conf.py,docs,ported / adapted,Independent development behavior or documentation ported; main-specific reliability and deployment settings preserved.
user-docs/docs/source/getting-started/account.rst,docs,ported / adapted,Independent development behavior or documentation ported; main-specific reliability and deployment settings preserved.
user-docs/docs/source/glossary.rst,docs,ported / adapted,Independent development behavior or documentation ported; main-specific reliability and deployment settings preserved.
user-docs/docs/source/index.rst,docs,ported / adapted,Independent development behavior or documentation ported; main-specific reliability and deployment settings preserved.
user-docs/docs/source/integrations/zotero.rst,docs,ported / adapted,Independent development behavior or documentation ported; main-specific reliability and deployment settings preserved.
user-docs/docs/source/more/feedback.rst,docs,ported / adapted,Independent development behavior or documentation ported; main-specific reliability and deployment settings preserved.
user-docs/docs/source/skills/markdown.rst,docs,ported / adapted,Independent development behavior or documentation ported; main-specific reliability and deployment settings preserved.
user-docs/docs/source/skills/overview.rst,docs,ported / adapted,Independent development behavior or documentation ported; main-specific reliability and deployment settings preserved.
user-docs/docs/source/skills/python.rst,docs,ported / adapted,Independent development behavior or documentation ported; main-specific reliability and deployment settings preserved.
user-docs/docs/source/skills/python_setup.rst,docs,ported / adapted,Independent development behavior or documentation ported; main-specific reliability and deployment settings preserved.
user-docs/readme.md,docs,ported / adapted,Independent development behavior or documentation ported; main-specific reliability and deployment settings preserved.
uv.lock,root-review,ported / adapted,Independent development behavior or documentation ported; main-specific reliability and deployment settings preserved.
